Username,Position,Player Name,Team
HENMON1,QB,Jordan Love,GB
HENMON1,QB,Jayden Daniels,WAS
HENMON1,RB,Joe Mixon,HOU
HENMON1,RB,Bucky Irving,TB
HENMON1,RB,Saquon Barkley,PHI
HENMON1,W/T,Jayden Reed,GB
HENMON1,W/T,George Pickens,PIT
HENMON1,W/T,Nico Collins,HOU
HENMON1,W/T,Travis Kelce,KC
HENMON1,W/T,Justin Jefferson,MIN
SNIPEDYA,QB,Jared Goff,DET
SNIPEDYA,RB,James Cook,BUF
SNIPEDYA,RB,Jahmyr Gibbs,DET
SNIPEDYA,W/T,Quentin Johnston,LAC
SNIPEDYA,W/T,George Pickens,PIT
SNIPEDYA,W/T,Hollywood Brown,KC
SNIPEDYA,W/T,Terry McLaurin,WAS
SNIPEDYA,W/T,Amari Cooper,BUF
SNIPEDYA,W/T,Ladd McConkey,LAC
SNIPEDYA,W/T,Jameson Williams,DET
EMBOSLICE,QB,Baker Mayfield,TB
EMBOSLICE,QB,Jayden Daniels,WAS
EMBOSLICE,QB,Sam Darnold,MIN
EMBOSLICE,RB,Cam Akers,MIN
EMBOSLICE,RB,Derrick Henry,BAL
EMBOSLICE,RB,Saquon Barkley,PHI
EMBOSLICE,W/T,Terry McLaurin,WAS
EMBOSLICE,W/T,Rashod Bateman,BAL
EMBOSLICE,W/T,Mark Andrews,BAL
EMBOSLICE,W/T,Jordan Addison,MIN
FOXYSTYLE71,QB,Jayden Daniels,WAS
FOXYSTYLE71,QB,Sam Darnold,MIN
FOXYSTYLE71,RB,Brian Robinson Jr.,WAS
FOXYSTYLE71,RB,Derrick Henry,BAL
FOXYSTYLE71,RB,Saquon Barkley,PHI
FOXYSTYLE71,W/T,Terry McLaurin,WAS
FOXYSTYLE71,W/T,Nico Collins,HOU
FOXYSTYLE71,W/T,Mike Evans,TB
FOXYSTYLE71,W/T,Jordan Addison,MIN
FOXYSTYLE71,W/T,Mark Andrews,BAL
STEADY314,QB,Jalen Hurts,PHI
STEADY314,RB,J.K. Dobbins,LAC
STEADY314,RB,Kareem Hunt,KC
STEADY314,RB,Josh Jacobs,GB
STEADY314,RB,Saquon Barkley,PHI
STEADY314,W/T,Keon Coleman,BUF
STEADY314,W/T,Nico Collins,HOU
STEADY314,W/T,Amari Cooper,BUF
STEADY314,W/T,Zay Flowers,BAL
STEADY314,W/T,Travis Kelce,KC
BOWHUNTER1971,QB,Jayden Daniels,WAS
BOWHUNTER1971,QB,Sam Darnold,MIN
BOWHUNTER1971,RB,Brian Robinson Jr.,WAS
BOWHUNTER1971,RB,Derrick Henry,BAL
BOWHUNTER1971,RB,Saquon Barkley,PHI
BOWHUNTER1971,W/T,Isaiah Likely,BAL
BOWHUNTER1971,W/T,T.J. Hockenson,MIN
BOWHUNTER1971,W/T,Terry McLaurin,WAS
BOWHUNTER1971,W/T,Amari Cooper,BUF
BOWHUNTER1971,W/T,Jordan Addison,MIN
JEDLARSON21,QB,Jayden Daniels,WAS
JEDLARSON21,RB,Brian Robinson Jr.,WAS
JEDLARSON21,RB,J.K. Dobbins,LAC
JEDLARSON21,RB,Derrick Henry,BAL
JEDLARSON21,W/T,Quentin Johnston,LAC
JEDLARSON21,W/T,Cooper Kupp,LAR
JEDLARSON21,W/T,Dallas Goedert,PHI
JEDLARSON21,W/T,Rashod Bateman,BAL
JEDLARSON21,W/T,Mark Andrews,BAL
JEDLARSON21,W/T,A.J. Brown,PHI
BUFFYWOG,QB,Jayden Daniels,WAS
BUFFYWOG,QB,Josh Allen,BUF
BUFFYWOG,RB,Ray Davis,BUF
BUFFYWOG,RB,James Cook,BUF
BUFFYWOG,W/T,Jalen McMillan,TB
BUFFYWOG,W/T,Dalton Kincaid,BUF
BUFFYWOG,W/T,Terry McLaurin,WAS
BUFFYWOG,W/T,Amari Cooper,BUF
BUFFYWOG,W/T,Sam LaPorta,DET
BUFFYWOG,W/T,Khalil Shakir,BUF
WPHILL02,QB,Jayden Daniels,WAS
WPHILL02,QB,Patrick Mahomes,KC
WPHILL02,RB,Bucky Irving,TB
WPHILL02,RB,Saquon Barkley,PHI
WPHILL02,W/T,Noah Gray,KC
WPHILL02,W/T,DeAndre Hopkins,KC
WPHILL02,W/T,Terry McLaurin,WAS
WPHILL02,W/T,Dallas Goedert,PHI
WPHILL02,W/T,Xavier Worthy,KC
WPHILL02,W/T,DeVonta Smith,PHI
EASTENDERS,QB,Jayden Daniels,WAS
EASTENDERS,RB,Aaron Jones,MIN
EASTENDERS,RB,James Cook,BUF
EASTENDERS,RB,Saquon Barkley,PHI
EASTENDERS,W/T,Jayden Reed,GB
EASTENDERS,W/T,Dallas Goedert,PHI
EASTENDERS,W/T,George Pickens,PIT
EASTENDERS,W/T,Terry McLaurin,WAS
EASTENDERS,W/T,Nico Collins,HOU
EASTENDERS,W/T,Travis Kelce,KC
ROTOSTREETWOLF,QB,Jayden Daniels,WAS
ROTOSTREETWOLF,RB,Ty Johnson,BUF
ROTOSTREETWOLF,RB,Saquon Barkley,PHI
ROTOSTREETWOLF,W/T,Zach Ertz,WAS
ROTOSTREETWOLF,W/T,Keon Coleman,BUF
ROTOSTREETWOLF,W/T,Dallas Goedert,PHI
ROTOSTREETWOLF,W/T,Mike Evans,TB
ROTOSTREETWOLF,W/T,Khalil Shakir,BUF
ROTOSTREETWOLF,W/T,DeVonta Smith,PHI
ROTOSTREETWOLF,W/T,A.J. Brown,PHI
CJ413,QB,Bo Nix,DEN
CJ413,QB,Baker Mayfield,TB
CJ413,QB,Jayden Daniels,WAS
CJ413,RB,Brian Robinson Jr.,WAS
CJ413,RB,James Cook,BUF
CJ413,RB,Saquon Barkley,PHI
CJ413,W/T,Olamide Zaccheaus,WAS
CJ413,W/T,DeAndre Hopkins,KC
CJ413,W/T,Terry McLaurin,WAS
CJ413,W/T,Puka Nacua,LAR
JCBOONE8,QB,C.J. Stroud,HOU
JCBOONE8,QB,Jayden Daniels,WAS
JCBOONE8,RB,Joe Mixon,HOU
JCBOONE8,RB,Josh Jacobs,GB
JCBOONE8,RB,James Cook,BUF
JCBOONE8,RB,Jahmyr Gibbs,DET
JCBOONE8,W/T,Kalif Raymond,DET
JCBOONE8,W/T,Dalton Kincaid,BUF
JCBOONE8,W/T,Terry McLaurin,WAS
JCBOONE8,W/T,Nico Collins,HOU
TBOD10,QB,Matthew Stafford,LAR
TBOD10,QB,Patrick Mahomes,KC
TBOD10,RB,J.K. Dobbins,LAC
TBOD10,RB,Kyren Williams,LAR
TBOD10,RB,Saquon Barkley,PHI
TBOD10,W/T,George Pickens,PIT
TBOD10,W/T,Terry McLaurin,WAS
TBOD10,W/T,Hollywood Brown,KC
TBOD10,W/T,Mike Evans,TB
TBOD10,W/T,Mark Andrews,BAL
JHOLLIMAN,QB,Jayden Daniels,WAS
JHOLLIMAN,RB,Brian Robinson Jr.,WAS
JHOLLIMAN,RB,Aaron Jones,MIN
JHOLLIMAN,RB,Saquon Barkley,PHI
JHOLLIMAN,W/T,Zach Ertz,WAS
JHOLLIMAN,W/T,George Pickens,PIT
JHOLLIMAN,W/T,Amari Cooper,BUF
JHOLLIMAN,W/T,Terry McLaurin,WAS
JHOLLIMAN,W/T,Zay Flowers,BAL
JHOLLIMAN,W/T,A.J. Brown,PHI
DRACOB,QB,Matthew Stafford,LAR
DRACOB,QB,Patrick Mahomes,KC
DRACOB,RB,Kareem Hunt,KC
DRACOB,RB,Bucky Irving,TB
DRACOB,RB,Saquon Barkley,PHI
DRACOB,W/T,Jalen McMillan,TB
DRACOB,W/T,Nico Collins,HOU
DRACOB,W/T,Hollywood Brown,KC
DRACOB,W/T,Puka Nacua,LAR
DRACOB,W/T,DeVonta Smith,PHI
RMILLS105,QB,Jayden Daniels,WAS
RMILLS105,QB,Patrick Mahomes,KC
RMILLS105,RB,Saquon Barkley,PHI
RMILLS105,W/T,Quentin Johnston,LAC
RMILLS105,W/T,Jalen McMillan,TB
RMILLS105,W/T,Ladd McConkey,LAC
RMILLS105,W/T,Hollywood Brown,KC
RMILLS105,W/T,Puka Nacua,LAR
RMILLS105,W/T,Mark Andrews,BAL
RMILLS105,W/T,Xavier Worthy,KC
MINCASHHOMIE,QB,Bo Nix,DEN
MINCASHHOMIE,QB,Patrick Mahomes,KC
MINCASHHOMIE,RB,Isiah Pacheco,KC
MINCASHHOMIE,RB,Saquon Barkley,PHI
MINCASHHOMIE,W/T,Keon Coleman,BUF
MINCASHHOMIE,W/T,Hollywood Brown,KC
MINCASHHOMIE,W/T,Terry McLaurin,WAS
MINCASHHOMIE,W/T,Ladd McConkey,LAC
MINCASHHOMIE,W/T,Xavier Worthy,KC
MINCASHHOMIE,W/T,Travis Kelce,KC
WPBJORDANN,QB,Jayden Daniels,WAS
WPBJORDANN,QB,Patrick Mahomes,KC
WPBJORDANN,RB,Kareem Hunt,KC
WPBJORDANN,RB,Bucky Irving,TB
WPBJORDANN,RB,Saquon Barkley,PHI
WPBJORDANN,W/T,DeAndre Hopkins,KC
WPBJORDANN,W/T,Terry McLaurin,WAS
WPBJORDANN,W/T,Nico Collins,HOU
WPBJORDANN,W/T,Puka Nacua,LAR
WPBJORDANN,W/T,Travis Kelce,KC
MEAHAN22,QB,Jayden Daniels,WAS
MEAHAN22,RB,Austin Ekeler,WAS
MEAHAN22,RB,Aaron Jones,MIN
MEAHAN22,RB,Saquon Barkley,PHI
MEAHAN22,W/T,Zach Ertz,WAS
MEAHAN22,W/T,Terry McLaurin,WAS
MEAHAN22,W/T,Nico Collins,HOU
MEAHAN22,W/T,Dallas Goedert,PHI
MEAHAN22,W/T,Puka Nacua,LAR
MEAHAN22,W/T,Justin Jefferson,MIN
CDSCHLEMAN,QB,Jayden Daniels,WAS
CDSCHLEMAN,QB,Sam Darnold,MIN
CDSCHLEMAN,RB,Austin Ekeler,WAS
CDSCHLEMAN,RB,Saquon Barkley,PHI
CDSCHLEMAN,W/T,Jayden Reed,GB
CDSCHLEMAN,W/T,Terry McLaurin,WAS
CDSCHLEMAN,W/T,Ladd McConkey,LAC
CDSCHLEMAN,W/T,Mike Evans,TB
CDSCHLEMAN,W/T,Puka Nacua,LAR
CDSCHLEMAN,W/T,Amon-Ra St. Brown,DET
TJBURN0117,QB,Jordan Love,GB
TJBURN0117,QB,Matthew Stafford,LAR
TJBURN0117,QB,Jayden Daniels,WAS
TJBURN0117,RB,Brian Robinson Jr.,WAS
TJBURN0117,RB,Josh Jacobs,GB
TJBURN0117,RB,Kyren Williams,LAR
TJBURN0117,RB,Saquon Barkley,PHI
TJBURN0117,W/T,Nico Collins,HOU
TJBURN0117,W/T,Puka Nacua,LAR
TJBURN0117,W/T,A.J. Brown,PHI
MATHOLOGY,QB,C.J. Stroud,HOU
MATHOLOGY,QB,Jayden Daniels,WAS
MATHOLOGY,QB,Jared Goff,DET
MATHOLOGY,RB,Joe Mixon,HOU
MATHOLOGY,RB,Saquon Barkley,PHI
MATHOLOGY,W/T,Tim Patrick,DET
MATHOLOGY,W/T,Nico Collins,HOU
MATHOLOGY,W/T,Dallas Goedert,PHI
MATHOLOGY,W/T,Mark Andrews,BAL
MATHOLOGY,W/T,A.J. Brown,PHI
JNEESER11,QB,Justin Herbert,LAC
JNEESER11,QB,Jared Goff,DET
JNEESER11,RB,Joe Mixon,HOU
JNEESER11,RB,James Cook,BUF
JNEESER11,RB,Saquon Barkley,PHI
JNEESER11,W/T,Jayden Reed,GB
JNEESER11,W/T,Terry McLaurin,WAS
JNEESER11,W/T,Sam LaPorta,DET
JNEESER11,W/T,Ladd McConkey,LAC
JNEESER11,W/T,Khalil Shakir,BUF
DOLOJAMAAL,QB,Jayden Daniels,WAS
DOLOJAMAAL,QB,Patrick Mahomes,KC
DOLOJAMAAL,RB,Kareem Hunt,KC
DOLOJAMAAL,RB,Bucky Irving,TB
DOLOJAMAAL,RB,Saquon Barkley,PHI
DOLOJAMAAL,W/T,Romeo Doubs,GB
DOLOJAMAAL,W/T,George Pickens,PIT
DOLOJAMAAL,W/T,Hollywood Brown,KC
DOLOJAMAAL,W/T,Puka Nacua,LAR
DOLOJAMAAL,W/T,Xavier Worthy,KC
PUFFERFISH,QB,Jayden Daniels,WAS
PUFFERFISH,QB,Jared Goff,DET
PUFFERFISH,RB,Joe Mixon,HOU
PUFFERFISH,RB,James Cook,BUF
PUFFERFISH,RB,Jahmyr Gibbs,DET
PUFFERFISH,W/T,George Pickens,PIT
PUFFERFISH,W/T,Terry McLaurin,WAS
PUFFERFISH,W/T,Mike Evans,TB
PUFFERFISH,W/T,Sam LaPorta,DET
PUFFERFISH,W/T,Khalil Shakir,BUF
SDOTCAR,QB,Jayden Daniels,WAS
SDOTCAR,QB,C.J. Stroud,HOU
SDOTCAR,RB,Joe Mixon,HOU
SDOTCAR,RB,Isiah Pacheco,KC
SDOTCAR,RB,Derrick Henry,BAL
SDOTCAR,RB,Saquon Barkley,PHI
SDOTCAR,W/T,Zach Ertz,WAS
SDOTCAR,W/T,Cooper Kupp,LAR
SDOTCAR,W/T,Khalil Shakir,BUF
SDOTCAR,W/T,Jameson Williams,DET
BRIX72,QB,Justin Herbert,LAC
BRIX72,QB,Jalen Hurts,PHI
BRIX72,RB,Kenneth Gainwell,PHI
BRIX72,RB,James Cook,BUF
BRIX72,W/T,Quentin Johnston,LAC
BRIX72,W/T,Terry McLaurin,WAS
BRIX72,W/T,Dallas Goedert,PHI
BRIX72,W/T,Xavier Worthy,KC
BRIX72,W/T,Mike Evans,TB
BRIX72,W/T,DeVonta Smith,PHI
JSS44,QB,Russell Wilson,PIT
JSS44,QB,Patrick Mahomes,KC
JSS44,RB,Kareem Hunt,KC
JSS44,RB,Saquon Barkley,PHI
JSS44,W/T,George Pickens,PIT
JSS44,W/T,Nico Collins,HOU
JSS44,W/T,Ladd McConkey,LAC
JSS44,W/T,Dallas Goedert,PHI
JSS44,W/T,Xavier Worthy,KC
JSS44,W/T,Travis Kelce,KC
JCDYE,QB,Jayden Daniels,WAS
JCDYE,QB,Patrick Mahomes,KC
JCDYE,RB,Isiah Pacheco,KC
JCDYE,RB,Bucky Irving,TB
JCDYE,RB,Saquon Barkley,PHI
JCDYE,W/T,Quentin Johnston,LAC
JCDYE,W/T,George Pickens,PIT
JCDYE,W/T,Mike Evans,TB
JCDYE,W/T,Travis Kelce,KC
JCDYE,W/T,Xavier Worthy,KC
LEMON0203,QB,Baker Mayfield,TB
LEMON0203,QB,Patrick Mahomes,KC
LEMON0203,RB,Kareem Hunt,KC
LEMON0203,RB,Josh Jacobs,GB
LEMON0203,RB,Saquon Barkley,PHI
LEMON0203,W/T,DeAndre Hopkins,KC
LEMON0203,W/T,Terry McLaurin,WAS
LEMON0203,W/T,Nico Collins,HOU
LEMON0203,W/T,Dallas Goedert,PHI
LEMON0203,W/T,Travis Kelce,KC
BLEWIS314,QB,Jalen Hurts,PHI
BLEWIS314,RB,Kenneth Gainwell,PHI
BLEWIS314,RB,Joe Mixon,HOU
BLEWIS314,RB,Saquon Barkley,PHI
BLEWIS314,W/T,George Pickens,PIT
BLEWIS314,W/T,Isaiah Likely,BAL
BLEWIS314,W/T,Nico Collins,HOU
BLEWIS314,W/T,Rashod Bateman,BAL
BLEWIS314,W/T,Zay Flowers,BAL
BLEWIS314,W/T,Dallas Goedert,PHI
MCGIBBLETS4EVER,QB,Jayden Daniels,WAS
MCGIBBLETS4EVER,RB,Austin Ekeler,WAS
MCGIBBLETS4EVER,RB,Brian Robinson Jr.,WAS
MCGIBBLETS4EVER,RB,Derrick Henry,BAL
MCGIBBLETS4EVER,RB,Saquon Barkley,PHI
MCGIBBLETS4EVER,W/T,Olamide Zaccheaus,WAS
MCGIBBLETS4EVER,W/T,Zach Ertz,WAS
MCGIBBLETS4EVER,W/T,Terry McLaurin,WAS
MCGIBBLETS4EVER,W/T,Zay Flowers,BAL
MCGIBBLETS4EVER,W/T,Rashod Bateman,BAL
RICHRICH99,QB,Baker Mayfield,TB
RICHRICH99,QB,Jared Goff,DET
RICHRICH99,RB,Ty Johnson,BUF
RICHRICH99,RB,Saquon Barkley,PHI
RICHRICH99,W/T,Dallas Goedert,PHI
RICHRICH99,W/T,Terry McLaurin,WAS
RICHRICH99,W/T,Ladd McConkey,LAC
RICHRICH99,W/T,Mike Evans,TB
RICHRICH99,W/T,Puka Nacua,LAR
RICHRICH99,W/T,Mark Andrews,BAL
MACCITY15,QB,Josh Allen,BUF
MACCITY15,RB,Josh Jacobs,GB
MACCITY15,RB,Kyren Williams,LAR
MACCITY15,RB,James Cook,BUF
MACCITY15,W/T,Ja'Marr Chase,CIN
MACCITY15,W/T,Cooper Kupp,LAR
MACCITY15,W/T,T.J. Hockenson,MIN
MACCITY15,W/T,Mike Evans,TB
MACCITY15,W/T,Jordan Addison,MIN
MACCITY15,W/T,Travis Kelce,KC
AJAVILA42,QB,Jayden Daniels,WAS
AJAVILA42,QB,Lamar Jackson,BAL
AJAVILA42,RB,Josh Jacobs,GB
AJAVILA42,RB,James Cook,BUF
AJAVILA42,W/T,Courtland Sutton,DEN
AJAVILA42,W/T,Jayden Reed,GB
AJAVILA42,W/T,Terry McLaurin,WAS
AJAVILA42,W/T,Sam LaPorta,DET
AJAVILA42,W/T,Puka Nacua,LAR
AJAVILA42,W/T,Jameson Williams,DET
RYDAWGGETTINRICH,QB,Baker Mayfield,TB
RYDAWGGETTINRICH,QB,Patrick Mahomes,KC
RYDAWGGETTINRICH,RB,Kyren Williams,LAR
RYDAWGGETTINRICH,RB,Saquon Barkley,PHI
RYDAWGGETTINRICH,W/T,Tim Patrick,DET
RYDAWGGETTINRICH,W/T,Terry McLaurin,WAS
RYDAWGGETTINRICH,W/T,Nico Collins,HOU
RYDAWGGETTINRICH,W/T,Keon Coleman,BUF
RYDAWGGETTINRICH,W/T,Puka Nacua,LAR
RYDAWGGETTINRICH,W/T,Travis Kelce,KC
ZROCKETMAN,QB,C.J. Stroud,HOU
ZROCKETMAN,QB,Jalen Hurts,PHI
ZROCKETMAN,RB,Joe Mixon,HOU
ZROCKETMAN,RB,James Cook,BUF
ZROCKETMAN,W/T,Keon Coleman,BUF
ZROCKETMAN,W/T,Dalton Kincaid,BUF
ZROCKETMAN,W/T,Dallas Goedert,PHI
ZROCKETMAN,W/T,Mike Evans,TB
ZROCKETMAN,W/T,Jameson Williams,DET
ZROCKETMAN,W/T,A.J. Brown,PHI
SNATCHCATCHERS,QB,Bo Nix,DEN
SNATCHCATCHERS,QB,Jayden Daniels,WAS
SNATCHCATCHERS,RB,Brian Robinson Jr.,WAS
SNATCHCATCHERS,RB,Isiah Pacheco,KC
SNATCHCATCHERS,RB,Derrick Henry,BAL
SNATCHCATCHERS,RB,Saquon Barkley,PHI
SNATCHCATCHERS,W/T,Zach Ertz,WAS
SNATCHCATCHERS,W/T,Amari Cooper,BUF
SNATCHCATCHERS,W/T,Rashod Bateman,BAL
SNATCHCATCHERS,W/T,DeVonta Smith,PHI
SPC5,QB,Matthew Stafford,LAR
SPC5,QB,Sam Darnold,MIN
SPC5,RB,James Cook,BUF
SPC5,RB,Saquon Barkley,PHI
SPC5,W/T,Tim Patrick,DET
SPC5,W/T,DeAndre Hopkins,KC
SPC5,W/T,Dalton Kincaid,BUF
SPC5,W/T,Ladd McConkey,LAC
SPC5,W/T,Sam LaPorta,DET
SPC5,W/T,Khalil Shakir,BUF
WEIGGY,QB,Jayden Daniels,WAS
WEIGGY,QB,Patrick Mahomes,KC
WEIGGY,RB,Brian Robinson Jr.,WAS
WEIGGY,RB,Isiah Pacheco,KC
WEIGGY,RB,Saquon Barkley,PHI
WEIGGY,W/T,DeAndre Hopkins,KC
WEIGGY,W/T,Nico Collins,HOU
WEIGGY,W/T,Terry McLaurin,WAS
WEIGGY,W/T,Dallas Goedert,PHI
WEIGGY,W/T,Xavier Worthy,KC
JOSEPH1,QB,Jayden Daniels,WAS
JOSEPH1,QB,Patrick Mahomes,KC
JOSEPH1,RB,Saquon Barkley,PHI
JOSEPH1,W/T,Quentin Johnston,LAC
JOSEPH1,W/T,Courtland Sutton,DEN
JOSEPH1,W/T,DeAndre Hopkins,KC
JOSEPH1,W/T,Terry McLaurin,WAS
JOSEPH1,W/T,Mike Evans,TB
JOSEPH1,W/T,Travis Kelce,KC
JOSEPH1,W/T,Xavier Worthy,KC
JAKEROBINSON82390,QB,Jalen Hurts,PHI
JAKEROBINSON82390,RB,Joe Mixon,HOU
JAKEROBINSON82390,RB,Kareem Hunt,KC
JAKEROBINSON82390,RB,Josh Jacobs,GB
JAKEROBINSON82390,RB,Saquon Barkley,PHI
JAKEROBINSON82390,W/T,George Pickens,PIT
JAKEROBINSON82390,W/T,Amari Cooper,BUF
JAKEROBINSON82390,W/T,Khalil Shakir,BUF
JAKEROBINSON82390,W/T,Mark Andrews,BAL
JAKEROBINSON82390,W/T,Jameson Williams,DET
YAZBO6,QB,Jayden Daniels,WAS
YAZBO6,QB,Justin Herbert,LAC
YAZBO6,RB,Kenneth Gainwell,PHI
YAZBO6,RB,J.K. Dobbins,LAC
YAZBO6,RB,Saquon Barkley,PHI
YAZBO6,W/T,Quentin Johnston,LAC
YAZBO6,W/T,Ladd McConkey,LAC
YAZBO6,W/T,Xavier Worthy,KC
YAZBO6,W/T,Travis Kelce,KC
YAZBO6,W/T,A.J. Brown,PHI
IMJUSTJOSHIN94,QB,C.J. Stroud,HOU
IMJUSTJOSHIN94,QB,Jayden Daniels,WAS
IMJUSTJOSHIN94,RB,Bijan Robinson,ATL
IMJUSTJOSHIN94,RB,Josh Jacobs,GB
IMJUSTJOSHIN94,RB,Saquon Barkley,PHI
IMJUSTJOSHIN94,W/T,George Pickens,PIT
IMJUSTJOSHIN94,W/T,Drake London,ATL
IMJUSTJOSHIN94,W/T,Nico Collins,HOU
IMJUSTJOSHIN94,W/T,Terry McLaurin,WAS
IMJUSTJOSHIN94,W/T,Justin Jefferson,MIN
BLAZER40,QB,Justin Herbert,LAC
BLAZER40,QB,Jayden Daniels,WAS
BLAZER40,RB,Joe Mixon,HOU
BLAZER40,RB,Derrick Henry,BAL
BLAZER40,RB,Saquon Barkley,PHI
BLAZER40,W/T,Courtland Sutton,DEN
BLAZER40,W/T,Nico Collins,HOU
BLAZER40,W/T,Dallas Goedert,PHI
BLAZER40,W/T,Puka Nacua,LAR
BLAZER40,W/T,Mark Andrews,BAL
CUSE7,QB,Justin Herbert,LAC
CUSE7,QB,Jayden Daniels,WAS
CUSE7,RB,James Cook,BUF
CUSE7,RB,Saquon Barkley,PHI
CUSE7,W/T,Dawson Knox,BUF
CUSE7,W/T,Zach Ertz,WAS
CUSE7,W/T,Mack Hollins,BUF
CUSE7,W/T,Terry McLaurin,WAS
CUSE7,W/T,Amari Cooper,BUF
CUSE7,W/T,Jameson Williams,DET
ADOG81,QB,Justin Herbert,LAC
ADOG81,QB,C.J. Stroud,HOU
ADOG81,QB,Jayden Daniels,WAS
ADOG81,RB,Joe Mixon,HOU
ADOG81,RB,Derrick Henry,BAL
ADOG81,RB,Saquon Barkley,PHI
ADOG81,W/T,Terry McLaurin,WAS
ADOG81,W/T,Nico Collins,HOU
ADOG81,W/T,Puka Nacua,LAR
ADOG81,W/T,Mark Andrews,BAL
AFAIRBANKS002,QB,Jayden Daniels,WAS
AFAIRBANKS002,QB,Patrick Mahomes,KC
AFAIRBANKS002,RB,Saquon Barkley,PHI
AFAIRBANKS002,W/T,Zach Ertz,WAS
AFAIRBANKS002,W/T,Noah Gray,KC
AFAIRBANKS002,W/T,Nico Collins,HOU
AFAIRBANKS002,W/T,Terry McLaurin,WAS
AFAIRBANKS002,W/T,Mike Evans,TB
AFAIRBANKS002,W/T,Xavier Worthy,KC
AFAIRBANKS002,W/T,Travis Kelce,KC
ROTOSTREETWOLF,QB,Justin Herbert,LAC
ROTOSTREETWOLF,QB,Jayden Daniels,WAS
ROTOSTREETWOLF,RB,Derrick Henry,BAL
ROTOSTREETWOLF,W/T,Quentin Johnston,LAC
ROTOSTREETWOLF,W/T,Dallas Goedert,PHI
ROTOSTREETWOLF,W/T,Ladd McConkey,LAC
ROTOSTREETWOLF,W/T,Puka Nacua,LAR
ROTOSTREETWOLF,W/T,Rashod Bateman,BAL
ROTOSTREETWOLF,W/T,Mark Andrews,BAL
ROTOSTREETWOLF,W/T,A.J. Brown,PHI
SHNARF6,QB,Josh Allen,BUF
SHNARF6,RB,Brian Robinson Jr.,WAS
SHNARF6,RB,Joe Mixon,HOU
SHNARF6,RB,James Cook,BUF
SHNARF6,W/T,Jayden Reed,GB
SHNARF6,W/T,Keon Coleman,BUF
SHNARF6,W/T,Nico Collins,HOU
SHNARF6,W/T,Amari Cooper,BUF
SHNARF6,W/T,Sam LaPorta,DET
SHNARF6,W/T,Jameson Williams,DET
DOCHAWK,QB,Jayden Daniels,WAS
DOCHAWK,QB,Patrick Mahomes,KC
DOCHAWK,RB,Kareem Hunt,KC
DOCHAWK,RB,Kyren Williams,LAR
DOCHAWK,RB,Jahmyr Gibbs,DET
DOCHAWK,W/T,Courtland Sutton,DEN
DOCHAWK,W/T,Terry McLaurin,WAS
DOCHAWK,W/T,Mike Evans,TB
DOCHAWK,W/T,Xavier Worthy,KC
DOCHAWK,W/T,Travis Kelce,KC
FLAMINGMOES,QB,Matthew Stafford,LAR
FLAMINGMOES,QB,Baker Mayfield,TB
FLAMINGMOES,RB,Joe Mixon,HOU
FLAMINGMOES,RB,Kareem Hunt,KC
FLAMINGMOES,RB,Isiah Pacheco,KC
FLAMINGMOES,RB,Saquon Barkley,PHI
FLAMINGMOES,W/T,Ladd McConkey,LAC
FLAMINGMOES,W/T,Dallas Goedert,PHI
FLAMINGMOES,W/T,Xavier Worthy,KC
FLAMINGMOES,W/T,A.J. Brown,PHI
RFLEMING823,QB,Matthew Stafford,LAR
RFLEMING823,QB,Baker Mayfield,TB
RFLEMING823,RB,Derrick Henry,BAL
RFLEMING823,RB,Saquon Barkley,PHI
RFLEMING823,W/T,Jayden Reed,GB
RFLEMING823,W/T,Jalen McMillan,TB
RFLEMING823,W/T,Dallas Goedert,PHI
RFLEMING823,W/T,Sam LaPorta,DET
RFLEMING823,W/T,Mark Andrews,BAL
RFLEMING823,W/T,Puka Nacua,LAR
BARIZZ,QB,Jayden Daniels,WAS
BARIZZ,QB,Patrick Mahomes,KC
BARIZZ,RB,Kareem Hunt,KC
BARIZZ,RB,Josh Jacobs,GB
BARIZZ,RB,Saquon Barkley,PHI
BARIZZ,W/T,George Pickens,PIT
BARIZZ,W/T,Hollywood Brown,KC
BARIZZ,W/T,Terry McLaurin,WAS
BARIZZ,W/T,Zay Flowers,BAL
BARIZZ,W/T,Travis Kelce,KC
BOWZ,QB,Baker Mayfield,TB
BOWZ,QB,Patrick Mahomes,KC
BOWZ,RB,Kareem Hunt,KC
BOWZ,RB,J.K. Dobbins,LAC
BOWZ,RB,Saquon Barkley,PHI
BOWZ,W/T,George Pickens,PIT
BOWZ,W/T,Terry McLaurin,WAS
BOWZ,W/T,Mike Evans,TB
BOWZ,W/T,Khalil Shakir,BUF
BOWZ,W/T,Travis Kelce,KC
ALLLDAYYY,QB,Jayden Daniels,WAS
ALLLDAYYY,QB,Patrick Mahomes,KC
ALLLDAYYY,RB,Brian Robinson Jr.,WAS
ALLLDAYYY,RB,Kyren Williams,LAR
ALLLDAYYY,W/T,DeAndre Hopkins,KC
ALLLDAYYY,W/T,Courtland Sutton,DEN
ALLLDAYYY,W/T,Terry McLaurin,WAS
ALLLDAYYY,W/T,Mike Evans,TB
ALLLDAYYY,W/T,Travis Kelce,KC
ALLLDAYYY,W/T,Justin Jefferson,MIN
MCRUSH,QB,Matthew Stafford,LAR
MCRUSH,QB,Jared Goff,DET
MCRUSH,RB,James Cook,BUF
MCRUSH,RB,Saquon Barkley,PHI
MCRUSH,W/T,George Pickens,PIT
MCRUSH,W/T,DeAndre Hopkins,KC
MCRUSH,W/T,Sam LaPorta,DET
MCRUSH,W/T,Terry McLaurin,WAS
MCRUSH,W/T,Mike Evans,TB
MCRUSH,W/T,Puka Nacua,LAR
ALPHATRON,QB,Matthew Stafford,LAR
ALPHATRON,QB,Jayden Daniels,WAS
ALPHATRON,RB,Kareem Hunt,KC
ALPHATRON,RB,Kyren Williams,LAR
ALPHATRON,RB,Saquon Barkley,PHI
ALPHATRON,W/T,Cooper Kupp,LAR
ALPHATRON,W/T,Terry McLaurin,WAS
ALPHATRON,W/T,Amari Cooper,BUF
ALPHATRON,W/T,Puka Nacua,LAR
ALPHATRON,W/T,DeVonta Smith,PHI
CLEMSHADY,QB,Jayden Daniels,WAS
CLEMSHADY,QB,Patrick Mahomes,KC
CLEMSHADY,RB,Joe Mixon,HOU
CLEMSHADY,RB,Kareem Hunt,KC
CLEMSHADY,RB,Saquon Barkley,PHI
CLEMSHADY,W/T,George Pickens,PIT
CLEMSHADY,W/T,Terry McLaurin,WAS
CLEMSHADY,W/T,Xavier Worthy,KC
CLEMSHADY,W/T,Puka Nacua,LAR
CLEMSHADY,W/T,Travis Kelce,KC
KYYYYYLE,QB,Baker Mayfield,TB
KYYYYYLE,QB,Jayden Daniels,WAS
KYYYYYLE,QB,Sam Darnold,MIN
KYYYYYLE,RB,Brian Robinson Jr.,WAS
KYYYYYLE,RB,Derrick Henry,BAL
KYYYYYLE,RB,Saquon Barkley,PHI
KYYYYYLE,W/T,Jalen McMillan,TB
KYYYYYLE,W/T,Terry McLaurin,WAS
KYYYYYLE,W/T,Xavier Worthy,KC
KYYYYYLE,W/T,Jordan Addison,MIN
BVENT,QB,Jayden Daniels,WAS
BVENT,QB,Patrick Mahomes,KC
BVENT,RB,Isiah Pacheco,KC
BVENT,RB,Josh Jacobs,GB
BVENT,RB,Saquon Barkley,PHI
BVENT,W/T,Zach Ertz,WAS
BVENT,W/T,Cooper Kupp,LAR
BVENT,W/T,Jayden Reed,GB
BVENT,W/T,Terry McLaurin,WAS
BVENT,W/T,Travis Kelce,KC
JCHLAWYER,QB,Baker Mayfield,TB
JCHLAWYER,QB,Jalen Hurts,PHI
JCHLAWYER,RB,Joe Mixon,HOU
JCHLAWYER,RB,Saquon Barkley,PHI
JCHLAWYER,W/T,Grant Calcaterra,PHI
JCHLAWYER,W/T,Nico Collins,HOU
JCHLAWYER,W/T,Isaiah Likely,BAL
JCHLAWYER,W/T,Dallas Goedert,PHI
JCHLAWYER,W/T,Zay Flowers,BAL
JCHLAWYER,W/T,Mark Andrews,BAL
KALANDJR6,QB,Jayden Daniels,WAS
KALANDJR6,RB,Aaron Jones,MIN
KALANDJR6,RB,Saquon Barkley,PHI
KALANDJR6,RB,Jahmyr Gibbs,DET
KALANDJR6,W/T,George Pickens,PIT
KALANDJR6,W/T,Terry McLaurin,WAS
KALANDJR6,W/T,Dallas Goedert,PHI
KALANDJR6,W/T,Amari Cooper,BUF
KALANDJR6,W/T,Puka Nacua,LAR
KALANDJR6,W/T,Jameson Williams,DET
DANNYLEN4,QB,Justin Herbert,LAC
DANNYLEN4,QB,Jayden Daniels,WAS
DANNYLEN4,RB,Kyren Williams,LAR
DANNYLEN4,RB,Saquon Barkley,PHI
DANNYLEN4,W/T,Zach Ertz,WAS
DANNYLEN4,W/T,Hollywood Brown,KC
DANNYLEN4,W/T,Terry McLaurin,WAS
DANNYLEN4,W/T,Ladd McConkey,LAC
DANNYLEN4,W/T,Travis Kelce,KC
DANNYLEN4,W/T,A.J. Brown,PHI
KARSTENCREEK1973,QB,Baker Mayfield,TB
KARSTENCREEK1973,QB,Jayden Daniels,WAS
KARSTENCREEK1973,RB,David Montgomery,DET
KARSTENCREEK1973,RB,James Cook,BUF
KARSTENCREEK1973,RB,Derrick Henry,BAL
KARSTENCREEK1973,RB,Saquon Barkley,PHI
KARSTENCREEK1973,W/T,George Pickens,PIT
KARSTENCREEK1973,W/T,Nico Collins,HOU
KARSTENCREEK1973,W/T,Ladd McConkey,LAC
KARSTENCREEK1973,W/T,Zay Flowers,BAL
ALLIVER,QB,Jayden Daniels,WAS
ALLIVER,QB,Patrick Mahomes,KC
ALLIVER,RB,Samaje Perine,KC
ALLIVER,RB,Austin Ekeler,WAS
ALLIVER,RB,Bucky Irving,TB
ALLIVER,RB,Derrick Henry,BAL
ALLIVER,W/T,DeAndre Hopkins,KC
ALLIVER,W/T,Terry McLaurin,WAS
ALLIVER,W/T,Travis Kelce,KC
ALLIVER,W/T,Xavier Worthy,KC
PANDABACON,QB,Bo Nix,DEN
PANDABACON,QB,Baker Mayfield,TB
PANDABACON,QB,Jayden Daniels,WAS
PANDABACON,RB,Bucky Irving,TB
PANDABACON,RB,James Cook,BUF
PANDABACON,RB,Saquon Barkley,PHI
PANDABACON,W/T,George Pickens,PIT
PANDABACON,W/T,Terry McLaurin,WAS
PANDABACON,W/T,Mike Evans,TB
PANDABACON,W/T,Puka Nacua,LAR
HJSTRUPP,QB,Justin Herbert,LAC
HJSTRUPP,QB,Jayden Daniels,WAS
HJSTRUPP,RB,Justice Hill,BAL
HJSTRUPP,RB,Derrick Henry,BAL
HJSTRUPP,RB,Saquon Barkley,PHI
HJSTRUPP,W/T,Amari Cooper,BUF
HJSTRUPP,W/T,Jordan Addison,MIN
HJSTRUPP,W/T,Sam LaPorta,DET
HJSTRUPP,W/T,Zay Flowers,BAL
HJSTRUPP,W/T,Xavier Worthy,KC
VELLY23,QB,Baker Mayfield,TB
VELLY23,QB,Jayden Daniels,WAS
VELLY23,RB,Brian Robinson Jr.,WAS
VELLY23,RB,Kareem Hunt,KC
VELLY23,RB,James Cook,BUF
VELLY23,RB,Jahmyr Gibbs,DET
VELLY23,W/T,DeAndre Hopkins,KC
VELLY23,W/T,Terry McLaurin,WAS
VELLY23,W/T,Nico Collins,HOU
VELLY23,W/T,Travis Kelce,KC
NEVERGIVES,QB,Justin Herbert,LAC
NEVERGIVES,QB,Jared Goff,DET
NEVERGIVES,RB,J.K. Dobbins,LAC
NEVERGIVES,RB,Isiah Pacheco,KC
NEVERGIVES,RB,Saquon Barkley,PHI
NEVERGIVES,W/T,Courtland Sutton,DEN
NEVERGIVES,W/T,Terry McLaurin,WAS
NEVERGIVES,W/T,Ladd McConkey,LAC
NEVERGIVES,W/T,Khalil Shakir,BUF
NEVERGIVES,W/T,Amon-Ra St. Brown,DET
DANNYLEN4,QB,Jayden Daniels,WAS
DANNYLEN4,QB,Patrick Mahomes,KC
DANNYLEN4,RB,Samaje Perine,KC
DANNYLEN4,RB,Kyren Williams,LAR
DANNYLEN4,RB,Saquon Barkley,PHI
DANNYLEN4,W/T,Noah Gray,KC
DANNYLEN4,W/T,Hollywood Brown,KC
DANNYLEN4,W/T,Ladd McConkey,LAC
DANNYLEN4,W/T,Xavier Worthy,KC
DANNYLEN4,W/T,DeVonta Smith,PHI
RMILLS105,QB,Jayden Daniels,WAS
RMILLS105,RB,Kyren Williams,LAR
RMILLS105,RB,Derrick Henry,BAL
RMILLS105,RB,Saquon Barkley,PHI
RMILLS105,W/T,Keon Coleman,BUF
RMILLS105,W/T,Zach Ertz,WAS
RMILLS105,W/T,Dallas Goedert,PHI
RMILLS105,W/T,Terry McLaurin,WAS
RMILLS105,W/T,Puka Nacua,LAR
RMILLS105,W/T,Mark Andrews,BAL
RMILLS105,QB,Josh Allen,BUF
RMILLS105,RB,Kyren Williams,LAR
RMILLS105,RB,James Cook,BUF
RMILLS105,W/T,Mack Hollins,BUF
RMILLS105,W/T,Courtland Sutton,DEN
RMILLS105,W/T,Cooper Kupp,LAR
RMILLS105,W/T,Dalton Kincaid,BUF
RMILLS105,W/T,Terry McLaurin,WAS
RMILLS105,W/T,Khalil Shakir,BUF
RMILLS105,W/T,DeVonta Smith,PHI
BISTY5,QB,Jayden Daniels,WAS
BISTY5,QB,Patrick Mahomes,KC
BISTY5,RB,Kareem Hunt,KC
BISTY5,RB,Saquon Barkley,PHI
BISTY5,W/T,DeAndre Hopkins,KC
BISTY5,W/T,Hollywood Brown,KC
BISTY5,W/T,Nico Collins,HOU
BISTY5,W/T,Mike Evans,TB
BISTY5,W/T,Travis Kelce,KC
BISTY5,W/T,A.J. Brown,PHI
JCOKER01,QB,Jayden Daniels,WAS
JCOKER01,QB,Patrick Mahomes,KC
JCOKER01,RB,Kyren Williams,LAR
JCOKER01,RB,Saquon Barkley,PHI
JCOKER01,W/T,Courtland Sutton,DEN
JCOKER01,W/T,Terry McLaurin,WAS
JCOKER01,W/T,Dallas Goedert,PHI
JCOKER01,W/T,Hollywood Brown,KC
JCOKER01,W/T,Ladd McConkey,LAC
JCOKER01,W/T,Xavier Worthy,KC
BADAMS1977,QB,Baker Mayfield,TB
BADAMS1977,QB,Patrick Mahomes,KC
BADAMS1977,RB,Brian Robinson Jr.,WAS
BADAMS1977,RB,Saquon Barkley,PHI
BADAMS1977,W/T,George Pickens,PIT
BADAMS1977,W/T,Terry McLaurin,WAS
BADAMS1977,W/T,Mike Evans,TB
BADAMS1977,W/T,Dallas Goedert,PHI
BADAMS1977,W/T,Xavier Worthy,KC
BADAMS1977,W/T,Travis Kelce,KC
THEWINS23,QB,C.J. Stroud,HOU
THEWINS23,QB,Jayden Daniels,WAS
THEWINS23,RB,David Montgomery,DET
THEWINS23,RB,Derrick Henry,BAL
THEWINS23,RB,Saquon Barkley,PHI
THEWINS23,W/T,Dallas Goedert,PHI
THEWINS23,W/T,Terry McLaurin,WAS
THEWINS23,W/T,Nico Collins,HOU
THEWINS23,W/T,Mark Andrews,BAL
THEWINS23,W/T,Jameson Williams,DET
RISK26,QB,Jayden Daniels,WAS
RISK26,QB,Patrick Mahomes,KC
RISK26,RB,Joe Mixon,HOU
RISK26,RB,Kareem Hunt,KC
RISK26,RB,Derrick Henry,BAL
RISK26,W/T,Courtland Sutton,DEN
RISK26,W/T,George Pickens,PIT
RISK26,W/T,Hollywood Brown,KC
RISK26,W/T,Puka Nacua,LAR
RISK26,W/T,Xavier Worthy,KC
BOSSHOGG585,QB,Jayden Daniels,WAS
BOSSHOGG585,QB,Jared Goff,DET
BOSSHOGG585,RB,Ray Davis,BUF
BOSSHOGG585,RB,Joe Mixon,HOU
BOSSHOGG585,RB,Aaron Jones,MIN
BOSSHOGG585,RB,Saquon Barkley,PHI
BOSSHOGG585,W/T,Keon Coleman,BUF
BOSSHOGG585,W/T,Nico Collins,HOU
BOSSHOGG585,W/T,Ladd McConkey,LAC
BOSSHOGG585,W/T,A.J. Brown,PHI
ZOOWILDLIFE,QB,Jayden Daniels,WAS
ZOOWILDLIFE,QB,Patrick Mahomes,KC
ZOOWILDLIFE,RB,Isiah Pacheco,KC
ZOOWILDLIFE,RB,Saquon Barkley,PHI
ZOOWILDLIFE,W/T,Justin Watson,KC
ZOOWILDLIFE,W/T,Noah Gray,KC
ZOOWILDLIFE,W/T,Nico Collins,HOU
ZOOWILDLIFE,W/T,Terry McLaurin,WAS
ZOOWILDLIFE,W/T,Dallas Goedert,PHI
ZOOWILDLIFE,W/T,Travis Kelce,KC
AGSTRO,QB,Jayden Daniels,WAS
AGSTRO,QB,Patrick Mahomes,KC
AGSTRO,RB,Brian Robinson Jr.,WAS
AGSTRO,RB,Saquon Barkley,PHI
AGSTRO,W/T,George Pickens,PIT
AGSTRO,W/T,Jayden Reed,GB
AGSTRO,W/T,Terry McLaurin,WAS
AGSTRO,W/T,Ladd McConkey,LAC
AGSTRO,W/T,Puka Nacua,LAR
AGSTRO,W/T,DeVonta Smith,PHI
REEMUNOZ8,QB,Jayden Daniels,WAS
REEMUNOZ8,QB,Jared Goff,DET
REEMUNOZ8,RB,Brian Robinson Jr.,WAS
REEMUNOZ8,RB,J.K. Dobbins,LAC
REEMUNOZ8,RB,Saquon Barkley,PHI
REEMUNOZ8,W/T,George Pickens,PIT
REEMUNOZ8,W/T,Terry McLaurin,WAS
REEMUNOZ8,W/T,Mike Evans,TB
REEMUNOZ8,W/T,Ladd McConkey,LAC
REEMUNOZ8,W/T,Puka Nacua,LAR
M11DUBNER,QB,Jayden Daniels,WAS
M11DUBNER,QB,Justin Herbert,LAC
M11DUBNER,RB,James Cook,BUF
M11DUBNER,RB,Jahmyr Gibbs,DET
M11DUBNER,W/T,Quentin Johnston,LAC
M11DUBNER,W/T,Terry McLaurin,WAS
M11DUBNER,W/T,Amari Cooper,BUF
M11DUBNER,W/T,Ladd McConkey,LAC
M11DUBNER,W/T,Xavier Worthy,KC
M11DUBNER,W/T,Jameson Williams,DET
KARSTENCREEK1973,QB,Justin Herbert,LAC
KARSTENCREEK1973,QB,Jayden Daniels,WAS
KARSTENCREEK1973,RB,Ty Johnson,BUF
KARSTENCREEK1973,RB,Derrick Henry,BAL
KARSTENCREEK1973,RB,Saquon Barkley,PHI
KARSTENCREEK1973,W/T,Terry McLaurin,WAS
KARSTENCREEK1973,W/T,Nico Collins,HOU
KARSTENCREEK1973,W/T,Ladd McConkey,LAC
KARSTENCREEK1973,W/T,Mark Andrews,BAL
KARSTENCREEK1973,W/T,Travis Kelce,KC
SOLOMPLS,QB,Jayden Daniels,WAS
SOLOMPLS,QB,Patrick Mahomes,KC
SOLOMPLS,RB,Isiah Pacheco,KC
SOLOMPLS,RB,Saquon Barkley,PHI
SOLOMPLS,W/T,Noah Gray,KC
SOLOMPLS,W/T,Cooper Kupp,LAR
SOLOMPLS,W/T,Ladd McConkey,LAC
SOLOMPLS,W/T,Terry McLaurin,WAS
SOLOMPLS,W/T,Xavier Worthy,KC
SOLOMPLS,W/T,Travis Kelce,KC
JHICKEY112,QB,Jayden Daniels,WAS
JHICKEY112,RB,Bucky Irving,TB
JHICKEY112,RB,Brian Robinson Jr.,WAS
JHICKEY112,RB,Derrick Henry,BAL
JHICKEY112,RB,Saquon Barkley,PHI
JHICKEY112,W/T,Zach Ertz,WAS
JHICKEY112,W/T,Isaiah Likely,BAL
JHICKEY112,W/T,Terry McLaurin,WAS
JHICKEY112,W/T,Mark Andrews,BAL
JHICKEY112,W/T,Zay Flowers,BAL
PUFFERFISH,QB,Josh Allen,BUF
PUFFERFISH,RB,Joe Mixon,HOU
PUFFERFISH,RB,Kyren Williams,LAR
PUFFERFISH,RB,James Cook,BUF
PUFFERFISH,W/T,George Pickens,PIT
PUFFERFISH,W/T,Jayden Reed,GB
PUFFERFISH,W/T,Amari Cooper,BUF
PUFFERFISH,W/T,Terry McLaurin,WAS
PUFFERFISH,W/T,Puka Nacua,LAR
PUFFERFISH,W/T,Khalil Shakir,BUF
IVXER,QB,Jayden Daniels,WAS
IVXER,QB,Sam Darnold,MIN
IVXER,RB,David Montgomery,DET
IVXER,RB,Derrick Henry,BAL
IVXER,RB,Saquon Barkley,PHI
IVXER,W/T,Olamide Zaccheaus,WAS
IVXER,W/T,Tim Patrick,DET
IVXER,W/T,T.J. Hockenson,MIN
IVXER,W/T,Rashod Bateman,BAL
IVXER,W/T,Jameson Williams,DET
KNUCKLESSSSS,QB,C.J. Stroud,HOU
KNUCKLESSSSS,QB,Jayden Daniels,WAS
KNUCKLESSSSS,RB,Derrick Henry,BAL
KNUCKLESSSSS,RB,Saquon Barkley,PHI
KNUCKLESSSSS,W/T,Noah Gray,KC
KNUCKLESSSSS,W/T,Tim Patrick,DET
KNUCKLESSSSS,W/T,Terry McLaurin,WAS
KNUCKLESSSSS,W/T,Nico Collins,HOU
KNUCKLESSSSS,W/T,Mike Evans,TB
KNUCKLESSSSS,W/T,Puka Nacua,LAR
GOATZUMI,QB,Jayden Daniels,WAS
GOATZUMI,QB,Jared Goff,DET
GOATZUMI,RB,Joe Mixon,HOU
GOATZUMI,RB,Isiah Pacheco,KC
GOATZUMI,RB,Saquon Barkley,PHI
GOATZUMI,W/T,DeAndre Hopkins,KC
GOATZUMI,W/T,George Pickens,PIT
GOATZUMI,W/T,Ladd McConkey,LAC
GOATZUMI,W/T,Puka Nacua,LAR
GOATZUMI,W/T,A.J. Brown,PHI
JLORENZ,QB,Jalen Hurts,PHI
JLORENZ,RB,Joe Mixon,HOU
JLORENZ,RB,Ty Johnson,BUF
JLORENZ,RB,Kareem Hunt,KC
JLORENZ,RB,Saquon Barkley,PHI
JLORENZ,W/T,Dalton Kincaid,BUF
JLORENZ,W/T,Dallas Goedert,PHI
JLORENZ,W/T,Mike Evans,TB
JLORENZ,W/T,Xavier Worthy,KC
JLORENZ,W/T,Travis Kelce,KC
GSRULE,QB,Jayden Daniels,WAS
GSRULE,QB,Lamar Jackson,BAL
GSRULE,RB,Brian Robinson Jr.,WAS
GSRULE,RB,James Cook,BUF
GSRULE,W/T,Quentin Johnston,LAC
GSRULE,W/T,Dalton Kincaid,BUF
GSRULE,W/T,Dallas Goedert,PHI
GSRULE,W/T,Terry McLaurin,WAS
GSRULE,W/T,Mike Evans,TB
GSRULE,W/T,Travis Kelce,KC
IMGONNALOSE93,QB,C.J. Stroud,HOU
IMGONNALOSE93,QB,Josh Allen,BUF
IMGONNALOSE93,RB,Brian Robinson Jr.,WAS
IMGONNALOSE93,RB,Joe Mixon,HOU
IMGONNALOSE93,RB,James Cook,BUF
IMGONNALOSE93,W/T,Mack Hollins,BUF
IMGONNALOSE93,W/T,Keon Coleman,BUF
IMGONNALOSE93,W/T,Terry McLaurin,WAS
IMGONNALOSE93,W/T,Ladd McConkey,LAC
IMGONNALOSE93,W/T,Travis Kelce,KC
SSSSTEVENN,QB,Jayden Daniels,WAS
SSSSTEVENN,QB,Josh Allen,BUF
SSSSTEVENN,RB,Najee Harris,PIT
SSSSTEVENN,RB,Brian Robinson Jr.,WAS
SSSSTEVENN,RB,James Cook,BUF
SSSSTEVENN,W/T,Dalton Kincaid,BUF
SSSSTEVENN,W/T,Dallas Goedert,PHI
SSSSTEVENN,W/T,Terry McLaurin,WAS
SSSSTEVENN,W/T,Khalil Shakir,BUF
SSSSTEVENN,W/T,Mark Andrews,BAL
DTC7,QB,C.J. Stroud,HOU
DTC7,QB,Jayden Daniels,WAS
DTC7,RB,Craig Reynolds,DET
DTC7,RB,Joe Mixon,HOU
DTC7,RB,James Cook,BUF
DTC7,RB,Saquon Barkley,PHI
DTC7,W/T,Dalton Kincaid,BUF
DTC7,W/T,DeAndre Hopkins,KC
DTC7,W/T,Nico Collins,HOU
DTC7,W/T,Puka Nacua,LAR
CHAITO,QB,Jalen Hurts,PHI
CHAITO,RB,J.K. Dobbins,LAC
CHAITO,RB,Joe Mixon,HOU
CHAITO,RB,Isiah Pacheco,KC
CHAITO,RB,Saquon Barkley,PHI
CHAITO,W/T,DeAndre Hopkins,KC
CHAITO,W/T,Courtland Sutton,DEN
CHAITO,W/T,Ladd McConkey,LAC
CHAITO,W/T,Travis Kelce,KC
CHAITO,W/T,DeVonta Smith,PHI
COOKIESNCREAME,QB,Jayden Daniels,WAS
COOKIESNCREAME,QB,Josh Allen,BUF
COOKIESNCREAME,RB,Ray Davis,BUF
COOKIESNCREAME,RB,James Cook,BUF
COOKIESNCREAME,W/T,Tim Patrick,DET
COOKIESNCREAME,W/T,Terry McLaurin,WAS
COOKIESNCREAME,W/T,Nico Collins,HOU
COOKIESNCREAME,W/T,Dallas Goedert,PHI
COOKIESNCREAME,W/T,Sam LaPorta,DET
COOKIESNCREAME,W/T,DeVonta Smith,PHI
RVMPJ10,QB,C.J. Stroud,HOU
RVMPJ10,QB,Sam Darnold,MIN
RVMPJ10,RB,Joe Mixon,HOU
RVMPJ10,RB,Aaron Jones,MIN
RVMPJ10,RB,Saquon Barkley,PHI
RVMPJ10,W/T,T.J. Hockenson,MIN
RVMPJ10,W/T,Nico Collins,HOU
RVMPJ10,W/T,Terry McLaurin,WAS
RVMPJ10,W/T,Jordan Addison,MIN
RVMPJ10,W/T,Justin Jefferson,MIN
JSOLO11,QB,Jayden Daniels,WAS
JSOLO11,QB,Lamar Jackson,BAL
JSOLO11,RB,Brian Robinson Jr.,WAS
JSOLO11,RB,Josh Jacobs,GB
JSOLO11,W/T,Zach Ertz,WAS
JSOLO11,W/T,Courtland Sutton,DEN
JSOLO11,W/T,Jayden Reed,GB
JSOLO11,W/T,Zay Flowers,BAL
JSOLO11,W/T,Terry McLaurin,WAS
JSOLO11,W/T,Travis Kelce,KC
CACTUSJAK64,QB,Justin Herbert,LAC
CACTUSJAK64,QB,Jayden Daniels,WAS
CACTUSJAK64,RB,J.K. Dobbins,LAC
CACTUSJAK64,RB,James Cook,BUF
CACTUSJAK64,RB,Jahmyr Gibbs,DET
CACTUSJAK64,W/T,Zach Ertz,WAS
CACTUSJAK64,W/T,Mack Hollins,BUF
CACTUSJAK64,W/T,Terry McLaurin,WAS
CACTUSJAK64,W/T,Ladd McConkey,LAC
CACTUSJAK64,W/T,Jameson Williams,DET
GAUDS,QB,Justin Herbert,LAC
GAUDS,QB,Sam Darnold,MIN
GAUDS,QB,Patrick Mahomes,KC
GAUDS,RB,Kareem Hunt,KC
GAUDS,RB,J.K. Dobbins,LAC
GAUDS,RB,Joe Mixon,HOU
GAUDS,RB,Saquon Barkley,PHI
GAUDS,W/T,Ladd McConkey,LAC
GAUDS,W/T,Puka Nacua,LAR
GAUDS,W/T,Travis Kelce,KC
EMAJCHER,QB,Jayden Daniels,WAS
EMAJCHER,QB,Lamar Jackson,BAL
EMAJCHER,RB,Kyren Williams,LAR
EMAJCHER,RB,James Cook,BUF
EMAJCHER,W/T,Mack Hollins,BUF
EMAJCHER,W/T,Isaiah Likely,BAL
EMAJCHER,W/T,Keon Coleman,BUF
EMAJCHER,W/T,Terry McLaurin,WAS
EMAJCHER,W/T,Ladd McConkey,LAC
EMAJCHER,W/T,Zay Flowers,BAL
UNCLESOLO,QB,Bo Nix,DEN
UNCLESOLO,QB,Baker Mayfield,TB
UNCLESOLO,QB,Jayden Daniels,WAS
UNCLESOLO,RB,Bucky Irving,TB
UNCLESOLO,RB,Derrick Henry,BAL
UNCLESOLO,RB,Saquon Barkley,PHI
UNCLESOLO,W/T,Courtland Sutton,DEN
UNCLESOLO,W/T,Mike Evans,TB
UNCLESOLO,W/T,Xavier Worthy,KC
UNCLESOLO,W/T,Travis Kelce,KC
KDANIELP11,QB,C.J. Stroud,HOU
KDANIELP11,QB,Sam Darnold,MIN
KDANIELP11,QB,Jayden Daniels,WAS
KDANIELP11,RB,Joe Mixon,HOU
KDANIELP11,RB,Saquon Barkley,PHI
KDANIELP11,W/T,DeAndre Hopkins,KC
KDANIELP11,W/T,George Pickens,PIT
KDANIELP11,W/T,Nico Collins,HOU
KDANIELP11,W/T,Terry McLaurin,WAS
KDANIELP11,W/T,Justin Jefferson,MIN
ZMONEY1221,QB,Jayden Daniels,WAS
ZMONEY1221,QB,Sam Darnold,MIN
ZMONEY1221,RB,Aaron Jones,MIN
ZMONEY1221,RB,Saquon Barkley,PHI
ZMONEY1221,W/T,George Pickens,PIT
ZMONEY1221,W/T,Dallas Goedert,PHI
ZMONEY1221,W/T,Hollywood Brown,KC
ZMONEY1221,W/T,Ladd McConkey,LAC
ZMONEY1221,W/T,Khalil Shakir,BUF
ZMONEY1221,W/T,Justin Jefferson,MIN
GABES1718,QB,Jordan Love,GB
GABES1718,QB,Jayden Daniels,WAS
GABES1718,RB,David Montgomery,DET
GABES1718,RB,Josh Jacobs,GB
GABES1718,RB,Saquon Barkley,PHI
GABES1718,W/T,Keon Coleman,BUF
GABES1718,W/T,Nico Collins,HOU
GABES1718,W/T,Rashod Bateman,BAL
GABES1718,W/T,Travis Kelce,KC
GABES1718,W/T,A.J. Brown,PHI
MPHOGAN,QB,Jayden Daniels,WAS
MPHOGAN,QB,Patrick Mahomes,KC
MPHOGAN,RB,Brian Robinson Jr.,WAS
MPHOGAN,RB,Isiah Pacheco,KC
MPHOGAN,RB,Derrick Henry,BAL
MPHOGAN,W/T,Jayden Reed,GB
MPHOGAN,W/T,Terry McLaurin,WAS
MPHOGAN,W/T,Hollywood Brown,KC
MPHOGAN,W/T,Mark Andrews,BAL
MPHOGAN,W/T,Travis Kelce,KC
JODYSTROUD93,QB,Justin Herbert,LAC
JODYSTROUD93,QB,Jayden Daniels,WAS
JODYSTROUD93,RB,Austin Ekeler,WAS
JODYSTROUD93,RB,Derrick Henry,BAL
JODYSTROUD93,RB,Saquon Barkley,PHI
JODYSTROUD93,W/T,Keon Coleman,BUF
JODYSTROUD93,W/T,Zach Ertz,WAS
JODYSTROUD93,W/T,Terry McLaurin,WAS
JODYSTROUD93,W/T,Rashod Bateman,BAL
JODYSTROUD93,W/T,Puka Nacua,LAR
STANZBORNAK,QB,Justin Herbert,LAC
STANZBORNAK,QB,Jayden Daniels,WAS
STANZBORNAK,RB,Kareem Hunt,KC
STANZBORNAK,RB,Josh Jacobs,GB
STANZBORNAK,RB,Joe Mixon,HOU
STANZBORNAK,RB,Saquon Barkley,PHI
STANZBORNAK,W/T,Terry McLaurin,WAS
STANZBORNAK,W/T,Xavier Worthy,KC
STANZBORNAK,W/T,Travis Kelce,KC
STANZBORNAK,W/T,A.J. Brown,PHI
DBOYER21,QB,Justin Herbert,LAC
DBOYER21,RB,Justice Hill,BAL
DBOYER21,RB,Derrick Henry,BAL
DBOYER21,RB,Saquon Barkley,PHI
DBOYER21,W/T,Cade Otton,TB
DBOYER21,W/T,DeAndre Hopkins,KC
DBOYER21,W/T,Zach Ertz,WAS
DBOYER21,W/T,Dallas Goedert,PHI
DBOYER21,W/T,Ladd McConkey,LAC
DBOYER21,W/T,Terry McLaurin,WAS
BONDSY11,QB,Jayden Daniels,WAS
BONDSY11,QB,Jalen Hurts,PHI
BONDSY11,RB,Kareem Hunt,KC
BONDSY11,RB,Kyren Williams,LAR
BONDSY11,W/T,George Pickens,PIT
BONDSY11,W/T,Dalton Kincaid,BUF
BONDSY11,W/T,Ladd McConkey,LAC
BONDSY11,W/T,Puka Nacua,LAR
BONDSY11,W/T,Travis Kelce,KC
BONDSY11,W/T,Justin Jefferson,MIN
JAYVEE925,QB,Justin Herbert,LAC
JAYVEE925,QB,Jayden Daniels,WAS
JAYVEE925,RB,J.K. Dobbins,LAC
JAYVEE925,RB,Jahmyr Gibbs,DET
JAYVEE925,RB,Saquon Barkley,PHI
JAYVEE925,W/T,Marvin Mims Jr.,DEN
JAYVEE925,W/T,Terry McLaurin,WAS
JAYVEE925,W/T,Ladd McConkey,LAC
JAYVEE925,W/T,Mark Andrews,BAL
JAYVEE925,W/T,Xavier Worthy,KC
TT33,QB,Matthew Stafford,LAR
TT33,QB,Justin Herbert,LAC
TT33,QB,Jayden Daniels,WAS
TT33,RB,Derrick Henry,BAL
TT33,RB,Saquon Barkley,PHI
TT33,W/T,Jalen McMillan,TB
TT33,W/T,Terry McLaurin,WAS
TT33,W/T,Nico Collins,HOU
TT33,W/T,Khalil Shakir,BUF
TT33,W/T,Puka Nacua,LAR
HEWENTTOJARRETTALLEN,QB,Baker Mayfield,TB
HEWENTTOJARRETTALLEN,QB,Jayden Daniels,WAS
HEWENTTOJARRETTALLEN,RB,Josh Jacobs,GB
HEWENTTOJARRETTALLEN,RB,Saquon Barkley,PHI
HEWENTTOJARRETTALLEN,W/T,George Pickens,PIT
HEWENTTOJARRETTALLEN,W/T,Isaiah Likely,BAL
HEWENTTOJARRETTALLEN,W/T,T.J. Hockenson,MIN
HEWENTTOJARRETTALLEN,W/T,Khalil Shakir,BUF
HEWENTTOJARRETTALLEN,W/T,Zay Flowers,BAL
HEWENTTOJARRETTALLEN,W/T,Amon-Ra St. Brown,DET
MUSSOMG,QB,Jayden Daniels,WAS
MUSSOMG,QB,Patrick Mahomes,KC
MUSSOMG,RB,Samaje Perine,KC
MUSSOMG,RB,Saquon Barkley,PHI
MUSSOMG,W/T,Olamide Zaccheaus,WAS
MUSSOMG,W/T,Nico Collins,HOU
MUSSOMG,W/T,Mike Evans,TB
MUSSOMG,W/T,Dallas Goedert,PHI
MUSSOMG,W/T,Hollywood Brown,KC
MUSSOMG,W/T,Xavier Worthy,KC
OMEGA713,QB,Jayden Daniels,WAS
OMEGA713,QB,Patrick Mahomes,KC
OMEGA713,RB,Kenneth Gainwell,PHI
OMEGA713,RB,Joe Mixon,HOU
OMEGA713,RB,Saquon Barkley,PHI
OMEGA713,W/T,DeAndre Hopkins,KC
OMEGA713,W/T,George Pickens,PIT
OMEGA713,W/T,Terry McLaurin,WAS
OMEGA713,W/T,Xavier Worthy,KC
OMEGA713,W/T,A.J. Brown,PHI
VINCEWARWICK1,QB,Matthew Stafford,LAR
VINCEWARWICK1,RB,Justice Hill,BAL
VINCEWARWICK1,RB,Kyren Williams,LAR
VINCEWARWICK1,RB,Aaron Jones,MIN
VINCEWARWICK1,RB,Saquon Barkley,PHI
VINCEWARWICK1,W/T,Cooper Kupp,LAR
VINCEWARWICK1,W/T,Hollywood Brown,KC
VINCEWARWICK1,W/T,Ladd McConkey,LAC
VINCEWARWICK1,W/T,Puka Nacua,LAR
VINCEWARWICK1,W/T,A.J. Brown,PHI
GOODKARMA7467,QB,Baker Mayfield,TB
GOODKARMA7467,QB,Jayden Daniels,WAS
GOODKARMA7467,QB,Patrick Mahomes,KC
GOODKARMA7467,RB,Derrick Henry,BAL
GOODKARMA7467,W/T,Courtland Sutton,DEN
GOODKARMA7467,W/T,Jalen McMillan,TB
GOODKARMA7467,W/T,Terry McLaurin,WAS
GOODKARMA7467,W/T,Hollywood Brown,KC
GOODKARMA7467,W/T,Xavier Worthy,KC
GOODKARMA7467,W/T,Travis Kelce,KC
MILASTELLARAMBO,QB,Jayden Daniels,WAS
MILASTELLARAMBO,QB,Patrick Mahomes,KC
MILASTELLARAMBO,RB,Ty Johnson,BUF
MILASTELLARAMBO,RB,Josh Jacobs,GB
MILASTELLARAMBO,RB,Isiah Pacheco,KC
MILASTELLARAMBO,W/T,Jalen McMillan,TB
MILASTELLARAMBO,W/T,Nico Collins,HOU
MILASTELLARAMBO,W/T,Xavier Worthy,KC
MILASTELLARAMBO,W/T,Travis Kelce,KC
MILASTELLARAMBO,W/T,Amon-Ra St. Brown,DET
CHILIDOGS,QB,Baker Mayfield,TB
CHILIDOGS,QB,Patrick Mahomes,KC
CHILIDOGS,RB,Joe Mixon,HOU
CHILIDOGS,RB,Isiah Pacheco,KC
CHILIDOGS,RB,Saquon Barkley,PHI
CHILIDOGS,W/T,DeAndre Hopkins,KC
CHILIDOGS,W/T,Nico Collins,HOU
CHILIDOGS,W/T,Mike Evans,TB
CHILIDOGS,W/T,Travis Kelce,KC
CHILIDOGS,W/T,Xavier Worthy,KC
DICKCURMUDGEON,QB,Baker Mayfield,TB
DICKCURMUDGEON,QB,Jayden Daniels,WAS
DICKCURMUDGEON,RB,Derrick Henry,BAL
DICKCURMUDGEON,RB,Saquon Barkley,PHI
DICKCURMUDGEON,W/T,Jalen McMillan,TB
DICKCURMUDGEON,W/T,Zach Ertz,WAS
DICKCURMUDGEON,W/T,Isaiah Likely,BAL
DICKCURMUDGEON,W/T,Terry McLaurin,WAS
DICKCURMUDGEON,W/T,Mark Andrews,BAL
DICKCURMUDGEON,W/T,Rashod Bateman,BAL
TAYMON94,QB,Matthew Stafford,LAR
TAYMON94,QB,Patrick Mahomes,KC
TAYMON94,RB,Brian Robinson Jr.,WAS
TAYMON94,RB,Kyren Williams,LAR
TAYMON94,RB,Saquon Barkley,PHI
TAYMON94,W/T,DeAndre Hopkins,KC
TAYMON94,W/T,Terry McLaurin,WAS
TAYMON94,W/T,Dallas Goedert,PHI
TAYMON94,W/T,Hollywood Brown,KC
TAYMON94,W/T,Puka Nacua,LAR
CTEEZY1,QB,C.J. Stroud,HOU
CTEEZY1,QB,Patrick Mahomes,KC
CTEEZY1,RB,Joe Mixon,HOU
CTEEZY1,RB,Saquon Barkley,PHI
CTEEZY1,W/T,George Pickens,PIT
CTEEZY1,W/T,Nico Collins,HOU
CTEEZY1,W/T,Dallas Goedert,PHI
CTEEZY1,W/T,Mike Evans,TB
CTEEZY1,W/T,Xavier Worthy,KC
CTEEZY1,W/T,Travis Kelce,KC
LADYLOCO,QB,Jayden Daniels,WAS
LADYLOCO,QB,Patrick Mahomes,KC
LADYLOCO,RB,Kareem Hunt,KC
LADYLOCO,RB,Brian Robinson Jr.,WAS
LADYLOCO,RB,Bucky Irving,TB
LADYLOCO,RB,Saquon Barkley,PHI
LADYLOCO,W/T,Courtland Sutton,DEN
LADYLOCO,W/T,Nico Collins,HOU
LADYLOCO,W/T,Xavier Worthy,KC
LADYLOCO,W/T,Travis Kelce,KC
DIDNTTHINKBOUTDAT3342852,QB,Baker Mayfield,TB
DIDNTTHINKBOUTDAT3342852,QB,Patrick Mahomes,KC
DIDNTTHINKBOUTDAT3342852,RB,Kareem Hunt,KC
DIDNTTHINKBOUTDAT3342852,RB,Bucky Irving,TB
DIDNTTHINKBOUTDAT3342852,RB,Josh Jacobs,GB
DIDNTTHINKBOUTDAT3342852,RB,Saquon Barkley,PHI
DIDNTTHINKBOUTDAT3342852,W/T,Jalen Nailor,MIN
DIDNTTHINKBOUTDAT3342852,W/T,Terry McLaurin,WAS
DIDNTTHINKBOUTDAT3342852,W/T,Mike Evans,TB
DIDNTTHINKBOUTDAT3342852,W/T,Travis Kelce,KC
ZMASTER9,QB,Josh Allen,BUF
ZMASTER9,RB,Brian Robinson Jr.,WAS
ZMASTER9,RB,James Cook,BUF
ZMASTER9,W/T,Olamide Zaccheaus,WAS
ZMASTER9,W/T,Jahan Dotson,PHI
ZMASTER9,W/T,Keon Coleman,BUF
ZMASTER9,W/T,Terry McLaurin,WAS
ZMASTER9,W/T,Dallas Goedert,PHI
ZMASTER9,W/T,Amari Cooper,BUF
ZMASTER9,W/T,DeVonta Smith,PHI
AV723,QB,Jayden Daniels,WAS
AV723,QB,Patrick Mahomes,KC
AV723,RB,Derrick Henry,BAL
AV723,RB,Saquon Barkley,PHI
AV723,W/T,Noah Gray,KC
AV723,W/T,DeAndre Hopkins,KC
AV723,W/T,Terry McLaurin,WAS
AV723,W/T,Hollywood Brown,KC
AV723,W/T,Rashod Bateman,BAL
AV723,W/T,Zay Flowers,BAL
ROOKTAKESPWN,QB,Jayden Daniels,WAS
ROOKTAKESPWN,QB,Josh Allen,BUF
ROOKTAKESPWN,RB,Joe Mixon,HOU
ROOKTAKESPWN,RB,David Montgomery,DET
ROOKTAKESPWN,RB,James Cook,BUF
ROOKTAKESPWN,W/T,Tim Patrick,DET
ROOKTAKESPWN,W/T,Jalen McMillan,TB
ROOKTAKESPWN,W/T,Nico Collins,HOU
ROOKTAKESPWN,W/T,Sam LaPorta,DET
ROOKTAKESPWN,W/T,Amon-Ra St. Brown,DET
TKIRKBRIDE307,QB,Baker Mayfield,TB
TKIRKBRIDE307,QB,Jayden Daniels,WAS
TKIRKBRIDE307,RB,Brian Robinson Jr.,WAS
TKIRKBRIDE307,RB,Kareem Hunt,KC
TKIRKBRIDE307,RB,Jahmyr Gibbs,DET
TKIRKBRIDE307,W/T,Terry McLaurin,WAS
TKIRKBRIDE307,W/T,Mike Evans,TB
TKIRKBRIDE307,W/T,Khalil Shakir,BUF
TKIRKBRIDE307,W/T,Xavier Worthy,KC
TKIRKBRIDE307,W/T,Amon-Ra St. Brown,DET
FANSTAYSLAYER777,QB,Baker Mayfield,TB
FANSTAYSLAYER777,QB,Jayden Daniels,WAS
FANSTAYSLAYER777,RB,Kareem Hunt,KC
FANSTAYSLAYER777,RB,James Cook,BUF
FANSTAYSLAYER777,RB,Saquon Barkley,PHI
FANSTAYSLAYER777,W/T,Keon Coleman,BUF
FANSTAYSLAYER777,W/T,Mack Hollins,BUF
FANSTAYSLAYER777,W/T,Terry McLaurin,WAS
FANSTAYSLAYER777,W/T,Khalil Shakir,BUF
FANSTAYSLAYER777,W/T,Travis Kelce,KC
CRUTCH,QB,Jayden Daniels,WAS
CRUTCH,QB,Lamar Jackson,BAL
CRUTCH,RB,Austin Ekeler,WAS
CRUTCH,RB,James Cook,BUF
CRUTCH,W/T,Courtland Sutton,DEN
CRUTCH,W/T,Isaiah Likely,BAL
CRUTCH,W/T,Terry McLaurin,WAS
CRUTCH,W/T,Ladd McConkey,LAC
CRUTCH,W/T,Sam LaPorta,DET
CRUTCH,W/T,Jordan Addison,MIN
RSVCMV79,QB,Matthew Stafford,LAR
RSVCMV79,QB,Jayden Daniels,WAS
RSVCMV79,RB,Joe Mixon,HOU
RSVCMV79,RB,Derrick Henry,BAL
RSVCMV79,RB,Saquon Barkley,PHI
RSVCMV79,W/T,George Pickens,PIT
RSVCMV79,W/T,Nico Collins,HOU
RSVCMV79,W/T,Terry McLaurin,WAS
RSVCMV79,W/T,Khalil Shakir,BUF
RSVCMV79,W/T,Puka Nacua,LAR
REALSQUIRRELS,QB,Josh Allen,BUF
REALSQUIRRELS,RB,Ray Davis,BUF
REALSQUIRRELS,RB,Brian Robinson Jr.,WAS
REALSQUIRRELS,RB,Kyren Williams,LAR
REALSQUIRRELS,RB,James Cook,BUF
REALSQUIRRELS,W/T,Cooper Kupp,LAR
REALSQUIRRELS,W/T,Terry McLaurin,WAS
REALSQUIRRELS,W/T,Dalton Kincaid,BUF
REALSQUIRRELS,W/T,Puka Nacua,LAR
REALSQUIRRELS,W/T,Khalil Shakir,BUF
BIGPUNISHER,QB,Baker Mayfield,TB
BIGPUNISHER,QB,Jayden Daniels,WAS
BIGPUNISHER,RB,Bucky Irving,TB
BIGPUNISHER,RB,Saquon Barkley,PHI
BIGPUNISHER,W/T,Noah Gray,KC
BIGPUNISHER,W/T,Jalen McMillan,TB
BIGPUNISHER,W/T,Terry McLaurin,WAS
BIGPUNISHER,W/T,Mike Evans,TB
BIGPUNISHER,W/T,Xavier Worthy,KC
BIGPUNISHER,W/T,A.J. Brown,PHI
THUNDERZAK,QB,Baker Mayfield,TB
THUNDERZAK,QB,Jayden Daniels,WAS
THUNDERZAK,RB,Kyren Williams,LAR
THUNDERZAK,RB,James Cook,BUF
THUNDERZAK,RB,Saquon Barkley,PHI
THUNDERZAK,W/T,George Pickens,PIT
THUNDERZAK,W/T,Ja'Marr Chase,CIN
THUNDERZAK,W/T,Terry McLaurin,WAS
THUNDERZAK,W/T,Khalil Shakir,BUF
THUNDERZAK,W/T,Zay Flowers,BAL
AIR33,QB,Jayden Daniels,WAS
AIR33,QB,Patrick Mahomes,KC
AIR33,RB,Saquon Barkley,PHI
AIR33,W/T,Nelson Agholor,BAL
AIR33,W/T,Noah Gray,KC
AIR33,W/T,Isaiah Likely,BAL
AIR33,W/T,Terry McLaurin,WAS
AIR33,W/T,Hollywood Brown,KC
AIR33,W/T,Ladd McConkey,LAC
AIR33,W/T,Xavier Worthy,KC
THEDANIMAL,QB,Jalen Hurts,PHI
THEDANIMAL,RB,Kenneth Gainwell,PHI
THEDANIMAL,RB,James Cook,BUF
THEDANIMAL,RB,Saquon Barkley,PHI
THEDANIMAL,W/T,Hollywood Brown,KC
THEDANIMAL,W/T,Ladd McConkey,LAC
THEDANIMAL,W/T,Amari Cooper,BUF
THEDANIMAL,W/T,Dallas Goedert,PHI
THEDANIMAL,W/T,Khalil Shakir,BUF
THEDANIMAL,W/T,Mark Andrews,BAL
OLDSCHOOLRAMFAN,QB,Jayden Daniels,WAS
OLDSCHOOLRAMFAN,QB,Patrick Mahomes,KC
OLDSCHOOLRAMFAN,RB,Kyren Williams,LAR
OLDSCHOOLRAMFAN,RB,Saquon Barkley,PHI
OLDSCHOOLRAMFAN,W/T,Marvin Mims Jr.,DEN
OLDSCHOOLRAMFAN,W/T,Courtland Sutton,DEN
OLDSCHOOLRAMFAN,W/T,Terry McLaurin,WAS
OLDSCHOOLRAMFAN,W/T,DeAndre Hopkins,KC
OLDSCHOOLRAMFAN,W/T,Puka Nacua,LAR
OLDSCHOOLRAMFAN,W/T,Xavier Worthy,KC
CFRY174,QB,Jayden Daniels,WAS
CFRY174,QB,Jordan Love,GB
CFRY174,RB,Joe Mixon,HOU
CFRY174,RB,Isiah Pacheco,KC
CFRY174,RB,Saquon Barkley,PHI
CFRY174,W/T,George Pickens,PIT
CFRY174,W/T,Dallas Goedert,PHI
CFRY174,W/T,Khalil Shakir,BUF
CFRY174,W/T,Mark Andrews,BAL
CFRY174,W/T,A.J. Brown,PHI
GAMETIGHT,QB,Jayden Daniels,WAS
GAMETIGHT,QB,Sam Darnold,MIN
GAMETIGHT,RB,Cam Akers,MIN
GAMETIGHT,RB,Saquon Barkley,PHI
GAMETIGHT,RB,Derrick Henry,BAL
GAMETIGHT,W/T,Isaiah Likely,BAL
GAMETIGHT,W/T,Dalton Kincaid,BUF
GAMETIGHT,W/T,T.J. Hockenson,MIN
GAMETIGHT,W/T,Terry McLaurin,WAS
GAMETIGHT,W/T,Jordan Addison,MIN
WEIZENED,QB,Jayden Daniels,WAS
WEIZENED,QB,Josh Allen,BUF
WEIZENED,RB,Ty Johnson,BUF
WEIZENED,RB,Brian Robinson Jr.,WAS
WEIZENED,RB,James Cook,BUF
WEIZENED,W/T,Terry McLaurin,WAS
WEIZENED,W/T,Dalton Kincaid,BUF
WEIZENED,W/T,Mike Evans,TB
WEIZENED,W/T,Khalil Shakir,BUF
WEIZENED,W/T,Jameson Williams,DET
WLWACE,QB,Baker Mayfield,TB
WLWACE,QB,Jayden Daniels,WAS
WLWACE,QB,Sam Darnold,MIN
WLWACE,RB,Joe Mixon,HOU
WLWACE,RB,Brian Robinson Jr.,WAS
WLWACE,RB,Saquon Barkley,PHI
WLWACE,W/T,Mike Evans,TB
WLWACE,W/T,Terry McLaurin,WAS
WLWACE,W/T,Travis Kelce,KC
WLWACE,W/T,Zay Flowers,BAL
FFDAN,QB,Jayden Daniels,WAS
FFDAN,QB,Jared Goff,DET
FFDAN,RB,Joe Mixon,HOU
FFDAN,RB,Kyren Williams,LAR
FFDAN,RB,Jahmyr Gibbs,DET
FFDAN,W/T,Justin Watson,KC
FFDAN,W/T,George Pickens,PIT
FFDAN,W/T,Nico Collins,HOU
FFDAN,W/T,Xavier Worthy,KC
FFDAN,W/T,Amon-Ra St. Brown,DET
MONSTA83,QB,Jalen Hurts,PHI
MONSTA83,RB,Ty Johnson,BUF
MONSTA83,RB,James Cook,BUF
MONSTA83,W/T,Grant Calcaterra,PHI
MONSTA83,W/T,Dalton Kincaid,BUF
MONSTA83,W/T,Terry McLaurin,WAS
MONSTA83,W/T,Ladd McConkey,LAC
MONSTA83,W/T,Hollywood Brown,KC
MONSTA83,W/T,Khalil Shakir,BUF
MONSTA83,W/T,Xavier Worthy,KC
CASUALWILL,QB,Jayden Daniels,WAS
CASUALWILL,QB,Patrick Mahomes,KC
CASUALWILL,RB,Brian Robinson Jr.,WAS
CASUALWILL,RB,Samaje Perine,KC
CASUALWILL,RB,Bucky Irving,TB
CASUALWILL,W/T,Terry McLaurin,WAS
CASUALWILL,W/T,Nico Collins,HOU
CASUALWILL,W/T,Xavier Worthy,KC
CASUALWILL,W/T,Travis Kelce,KC
CASUALWILL,W/T,Amon-Ra St. Brown,DET
CASUALWILL,QB,Jayden Daniels,WAS
CASUALWILL,QB,Jared Goff,DET
CASUALWILL,RB,Brian Robinson Jr.,WAS
CASUALWILL,RB,Bucky Irving,TB
CASUALWILL,RB,Kareem Hunt,KC
CASUALWILL,W/T,George Pickens,PIT
CASUALWILL,W/T,Terry McLaurin,WAS
CASUALWILL,W/T,Xavier Worthy,KC
CASUALWILL,W/T,Travis Kelce,KC
CASUALWILL,W/T,Amon-Ra St. Brown,DET
VOLCAINO28,QB,Justin Herbert,LAC
VOLCAINO28,QB,Jayden Daniels,WAS
VOLCAINO28,RB,James Cook,BUF
VOLCAINO28,RB,Saquon Barkley,PHI
VOLCAINO28,W/T,Zach Ertz,WAS
VOLCAINO28,W/T,Quentin Johnston,LAC
VOLCAINO28,W/T,Terry McLaurin,WAS
VOLCAINO28,W/T,Ladd McConkey,LAC
VOLCAINO28,W/T,Khalil Shakir,BUF
VOLCAINO28,W/T,Puka Nacua,LAR
MOONMAN,QB,C.J. Stroud,HOU
MOONMAN,QB,Patrick Mahomes,KC
MOONMAN,RB,Joe Mixon,HOU
MOONMAN,RB,Kareem Hunt,KC
MOONMAN,RB,Saquon Barkley,PHI
MOONMAN,W/T,DeAndre Hopkins,KC
MOONMAN,W/T,T.J. Hockenson,MIN
MOONMAN,W/T,Nico Collins,HOU
MOONMAN,W/T,Xavier Worthy,KC
MOONMAN,W/T,Travis Kelce,KC
BEARDDIEBOY2,QB,Baker Mayfield,TB
BEARDDIEBOY2,QB,Jayden Daniels,WAS
BEARDDIEBOY2,RB,Joe Mixon,HOU
BEARDDIEBOY2,RB,Derrick Henry,BAL
BEARDDIEBOY2,RB,Saquon Barkley,PHI
BEARDDIEBOY2,W/T,Jalen McMillan,TB
BEARDDIEBOY2,W/T,Isaiah Likely,BAL
BEARDDIEBOY2,W/T,Rashod Bateman,BAL
BEARDDIEBOY2,W/T,Dallas Goedert,PHI
BEARDDIEBOY2,W/T,Mark Andrews,BAL
BIGDEN1313,QB,Josh Allen,BUF
BIGDEN1313,RB,Brian Robinson Jr.,WAS
BIGDEN1313,RB,James Cook,BUF
BIGDEN1313,W/T,Jahan Dotson,PHI
BIGDEN1313,W/T,Zach Ertz,WAS
BIGDEN1313,W/T,Dalton Kincaid,BUF
BIGDEN1313,W/T,Terry McLaurin,WAS
BIGDEN1313,W/T,Amari Cooper,BUF
BIGDEN1313,W/T,Dallas Goedert,PHI
BIGDEN1313,W/T,DeVonta Smith,PHI
JLAW9,QB,Justin Herbert,LAC
JLAW9,QB,Patrick Mahomes,KC
JLAW9,RB,Justice Hill,BAL
JLAW9,RB,Saquon Barkley,PHI
JLAW9,W/T,DeAndre Hopkins,KC
JLAW9,W/T,T.J. Hockenson,MIN
JLAW9,W/T,Terry McLaurin,WAS
JLAW9,W/T,Ladd McConkey,LAC
JLAW9,W/T,Xavier Worthy,KC
JLAW9,W/T,Travis Kelce,KC
BIGMICK428,QB,Baker Mayfield,TB
BIGMICK428,QB,Jayden Daniels,WAS
BIGMICK428,RB,Derrick Henry,BAL
BIGMICK428,RB,Saquon Barkley,PHI
BIGMICK428,W/T,Courtland Sutton,DEN
BIGMICK428,W/T,Dallas Goedert,PHI
BIGMICK428,W/T,Terry McLaurin,WAS
BIGMICK428,W/T,Mike Evans,TB
BIGMICK428,W/T,Khalil Shakir,BUF
BIGMICK428,W/T,Travis Kelce,KC
SPORTSMANIAC,QB,Jayden Daniels,WAS
SPORTSMANIAC,RB,Kareem Hunt,KC
SPORTSMANIAC,RB,Derrick Henry,BAL
SPORTSMANIAC,RB,Saquon Barkley,PHI
SPORTSMANIAC,W/T,Isaiah Likely,BAL
SPORTSMANIAC,W/T,Terry McLaurin,WAS
SPORTSMANIAC,W/T,Hollywood Brown,KC
SPORTSMANIAC,W/T,Rashod Bateman,BAL
SPORTSMANIAC,W/T,Xavier Worthy,KC
SPORTSMANIAC,W/T,Travis Kelce,KC
JJMAC,QB,C.J. Stroud,HOU
JJMAC,QB,Patrick Mahomes,KC
JJMAC,RB,Joe Mixon,HOU
JJMAC,RB,Isiah Pacheco,KC
JJMAC,RB,Saquon Barkley,PHI
JJMAC,W/T,DeAndre Hopkins,KC
JJMAC,W/T,Terry McLaurin,WAS
JJMAC,W/T,Amari Cooper,BUF
JJMAC,W/T,Nico Collins,HOU
JJMAC,W/T,Travis Kelce,KC
EIDBANGER,QB,Jayden Daniels,WAS
EIDBANGER,QB,Patrick Mahomes,KC
EIDBANGER,RB,Aaron Jones,MIN
EIDBANGER,RB,Saquon Barkley,PHI
EIDBANGER,W/T,Zach Ertz,WAS
EIDBANGER,W/T,DeAndre Hopkins,KC
EIDBANGER,W/T,Ladd McConkey,LAC
EIDBANGER,W/T,T.J. Hockenson,MIN
EIDBANGER,W/T,Hollywood Brown,KC
EIDBANGER,W/T,Travis Kelce,KC
BRAD21126,QB,Jayden Daniels,WAS
BRAD21126,QB,Patrick Mahomes,KC
BRAD21126,RB,Saquon Barkley,PHI
BRAD21126,RB,Jahmyr Gibbs,DET
BRAD21126,W/T,Courtland Sutton,DEN
BRAD21126,W/T,Terry McLaurin,WAS
BRAD21126,W/T,DeAndre Hopkins,KC
BRAD21126,W/T,Ladd McConkey,LAC
BRAD21126,W/T,Hollywood Brown,KC
BRAD21126,W/T,Xavier Worthy,KC
TOBOGGAN34,QB,Jayden Daniels,WAS
TOBOGGAN34,QB,Patrick Mahomes,KC
TOBOGGAN34,RB,Samaje Perine,KC
TOBOGGAN34,RB,Joe Mixon,HOU
TOBOGGAN34,RB,Saquon Barkley,PHI
TOBOGGAN34,W/T,Noah Gray,KC
TOBOGGAN34,W/T,Hollywood Brown,KC
TOBOGGAN34,W/T,Dallas Goedert,PHI
TOBOGGAN34,W/T,Mike Evans,TB
TOBOGGAN34,W/T,DeVonta Smith,PHI
EMBOSLICE,QB,Jayden Daniels,WAS
EMBOSLICE,QB,Lamar Jackson,BAL
EMBOSLICE,RB,Bucky Irving,TB
EMBOSLICE,RB,Isiah Pacheco,KC
EMBOSLICE,RB,James Cook,BUF
EMBOSLICE,W/T,Olamide Zaccheaus,WAS
EMBOSLICE,W/T,Tim Patrick,DET
EMBOSLICE,W/T,Terry McLaurin,WAS
EMBOSLICE,W/T,Rashod Bateman,BAL
EMBOSLICE,W/T,Jameson Williams,DET
AJCARRION,QB,Jordan Love,GB
AJCARRION,QB,Justin Herbert,LAC
AJCARRION,QB,Jayden Daniels,WAS
AJCARRION,RB,Saquon Barkley,PHI
AJCARRION,W/T,Terry McLaurin,WAS
AJCARRION,W/T,Ladd McConkey,LAC
AJCARRION,W/T,Amari Cooper,BUF
AJCARRION,W/T,Mark Andrews,BAL
AJCARRION,W/T,Zay Flowers,BAL
AJCARRION,W/T,Amon-Ra St. Brown,DET
RUSTYK,QB,Jayden Daniels,WAS
RUSTYK,QB,Patrick Mahomes,KC
RUSTYK,RB,Brian Robinson Jr.,WAS
RUSTYK,RB,Isiah Pacheco,KC
RUSTYK,RB,Saquon Barkley,PHI
RUSTYK,W/T,George Pickens,PIT
RUSTYK,W/T,Terry McLaurin,WAS
RUSTYK,W/T,Dallas Goedert,PHI
RUSTYK,W/T,Xavier Worthy,KC
RUSTYK,W/T,Travis Kelce,KC
MAHONYM37,QB,Matthew Stafford,LAR
MAHONYM37,QB,Josh Allen,BUF
MAHONYM37,RB,Joe Mixon,HOU
MAHONYM37,RB,Josh Jacobs,GB
MAHONYM37,RB,James Cook,BUF
MAHONYM37,W/T,Pat Freiermuth,PIT
MAHONYM37,W/T,George Pickens,PIT
MAHONYM37,W/T,Hollywood Brown,KC
MAHONYM37,W/T,Travis Kelce,KC
MAHONYM37,W/T,Khalil Shakir,BUF
KINGSCHUSTER,QB,Jayden Daniels,WAS
KINGSCHUSTER,RB,Isiah Pacheco,KC
KINGSCHUSTER,RB,Saquon Barkley,PHI
KINGSCHUSTER,W/T,Courtland Sutton,DEN
KINGSCHUSTER,W/T,George Pickens,PIT
KINGSCHUSTER,W/T,Terry McLaurin,WAS
KINGSCHUSTER,W/T,DeAndre Hopkins,KC
KINGSCHUSTER,W/T,Nico Collins,HOU
KINGSCHUSTER,W/T,Dallas Goedert,PHI
KINGSCHUSTER,W/T,A.J. Brown,PHI
JNEESER11,QB,Baker Mayfield,TB
JNEESER11,QB,Patrick Mahomes,KC
JNEESER11,RB,Josh Jacobs,GB
JNEESER11,RB,Derrick Henry,BAL
JNEESER11,RB,Saquon Barkley,PHI
JNEESER11,W/T,Jayden Reed,GB
JNEESER11,W/T,T.J. Hockenson,MIN
JNEESER11,W/T,Keon Coleman,BUF
JNEESER11,W/T,Terry McLaurin,WAS
JNEESER11,W/T,Sam LaPorta,DET
NITZERMODE,QB,Justin Herbert,LAC
NITZERMODE,QB,Jayden Daniels,WAS
NITZERMODE,RB,David Montgomery,DET
NITZERMODE,RB,James Cook,BUF
NITZERMODE,RB,Saquon Barkley,PHI
NITZERMODE,W/T,Quentin Johnston,LAC
NITZERMODE,W/T,Ladd McConkey,LAC
NITZERMODE,W/T,Mike Evans,TB
NITZERMODE,W/T,Mark Andrews,BAL
NITZERMODE,W/T,Jameson Williams,DET
EMILIOLECREME,QB,Baker Mayfield,TB
EMILIOLECREME,QB,Jayden Daniels,WAS
EMILIOLECREME,RB,Josh Jacobs,GB
EMILIOLECREME,RB,Bucky Irving,TB
EMILIOLECREME,RB,Saquon Barkley,PHI
EMILIOLECREME,W/T,George Pickens,PIT
EMILIOLECREME,W/T,Sam LaPorta,DET
EMILIOLECREME,W/T,Xavier Worthy,KC
EMILIOLECREME,W/T,Puka Nacua,LAR
EMILIOLECREME,W/T,Amon-Ra St. Brown,DET
SKIBALLPGH,QB,Baker Mayfield,TB
SKIBALLPGH,QB,Patrick Mahomes,KC
SKIBALLPGH,RB,Joe Mixon,HOU
SKIBALLPGH,RB,Kareem Hunt,KC
SKIBALLPGH,RB,Saquon Barkley,PHI
SKIBALLPGH,W/T,Jalen McMillan,TB
SKIBALLPGH,W/T,Dallas Goedert,PHI
SKIBALLPGH,W/T,Ladd McConkey,LAC
SKIBALLPGH,W/T,Puka Nacua,LAR
SKIBALLPGH,W/T,Travis Kelce,KC
WASABI68,QB,Baker Mayfield,TB
WASABI68,QB,Jayden Daniels,WAS
WASABI68,QB,Sam Darnold,MIN
WASABI68,RB,Josh Jacobs,GB
WASABI68,RB,James Cook,BUF
WASABI68,RB,Derrick Henry,BAL
WASABI68,W/T,Isaiah Likely,BAL
WASABI68,W/T,DeAndre Hopkins,KC
WASABI68,W/T,Xavier Worthy,KC
WASABI68,W/T,A.J. Brown,PHI
NOGOSHEKWINSKI,QB,Jayden Daniels,WAS
NOGOSHEKWINSKI,QB,Patrick Mahomes,KC
NOGOSHEKWINSKI,RB,Jaylen Warren,PIT
NOGOSHEKWINSKI,RB,Joe Mixon,HOU
NOGOSHEKWINSKI,RB,Saquon Barkley,PHI
NOGOSHEKWINSKI,W/T,Courtland Sutton,DEN
NOGOSHEKWINSKI,W/T,Nico Collins,HOU
NOGOSHEKWINSKI,W/T,Ladd McConkey,LAC
NOGOSHEKWINSKI,W/T,Xavier Worthy,KC
NOGOSHEKWINSKI,W/T,Travis Kelce,KC
EASTOFETHAN,QB,Jayden Daniels,WAS
EASTOFETHAN,QB,Jared Goff,DET
EASTOFETHAN,RB,Brian Robinson Jr.,WAS
EASTOFETHAN,RB,Kareem Hunt,KC
EASTOFETHAN,RB,Kyren Williams,LAR
EASTOFETHAN,RB,Jahmyr Gibbs,DET
EASTOFETHAN,W/T,Terry McLaurin,WAS
EASTOFETHAN,W/T,Mike Evans,TB
EASTOFETHAN,W/T,Xavier Worthy,KC
EASTOFETHAN,W/T,Jameson Williams,DET
RAIDERSWICK1,QB,Josh Allen,BUF
RAIDERSWICK1,RB,Brian Robinson Jr.,WAS
RAIDERSWICK1,RB,Josh Jacobs,GB
RAIDERSWICK1,RB,James Cook,BUF
RAIDERSWICK1,W/T,Romeo Doubs,GB
RAIDERSWICK1,W/T,Terry McLaurin,WAS
RAIDERSWICK1,W/T,Dalton Kincaid,BUF
RAIDERSWICK1,W/T,Keon Coleman,BUF
RAIDERSWICK1,W/T,Amari Cooper,BUF
RAIDERSWICK1,W/T,Khalil Shakir,BUF
MAFERNEZ,QB,Jayden Daniels,WAS
MAFERNEZ,QB,Patrick Mahomes,KC
MAFERNEZ,RB,Brian Robinson Jr.,WAS
MAFERNEZ,RB,Josh Jacobs,GB
MAFERNEZ,RB,Saquon Barkley,PHI
MAFERNEZ,W/T,Noah Gray,KC
MAFERNEZ,W/T,George Pickens,PIT
MAFERNEZ,W/T,T.J. Hockenson,MIN
MAFERNEZ,W/T,Nico Collins,HOU
MAFERNEZ,W/T,Xavier Worthy,KC
TKIRKBRIDE307,QB,Jayden Daniels,WAS
TKIRKBRIDE307,QB,Patrick Mahomes,KC
TKIRKBRIDE307,RB,Bucky Irving,TB
TKIRKBRIDE307,RB,Saquon Barkley,PHI
TKIRKBRIDE307,W/T,Tim Patrick,DET
TKIRKBRIDE307,W/T,Jayden Reed,GB
TKIRKBRIDE307,W/T,Dallas Goedert,PHI
TKIRKBRIDE307,W/T,Terry McLaurin,WAS
TKIRKBRIDE307,W/T,Travis Kelce,KC
TKIRKBRIDE307,W/T,Xavier Worthy,KC
TLYONS98,QB,C.J. Stroud,HOU
TLYONS98,RB,Joe Mixon,HOU
TLYONS98,RB,Saquon Barkley,PHI
TLYONS98,W/T,Dalton Schultz,HOU
TLYONS98,W/T,Nico Collins,HOU
TLYONS98,W/T,Hollywood Brown,KC
TLYONS98,W/T,Rashod Bateman,BAL
TLYONS98,W/T,Sam LaPorta,DET
TLYONS98,W/T,Jameson Williams,DET
TLYONS98,W/T,A.J. Brown,PHI
LHA,QB,Jayden Daniels,WAS
LHA,QB,Sam Darnold,MIN
LHA,QB,Jared Goff,DET
LHA,RB,Brian Robinson Jr.,WAS
LHA,RB,James Cook,BUF
LHA,RB,Saquon Barkley,PHI
LHA,W/T,Quentin Johnston,LAC
LHA,W/T,Terry McLaurin,WAS
LHA,W/T,Amari Cooper,BUF
LHA,W/T,Jordan Addison,MIN
RUSTYPIPES,QB,Joe Burrow,CIN
RUSTYPIPES,QB,Jayden Daniels,WAS
RUSTYPIPES,QB,Sam Darnold,MIN
RUSTYPIPES,RB,Derrick Henry,BAL
RUSTYPIPES,RB,Saquon Barkley,PHI
RUSTYPIPES,W/T,Ja'Marr Chase,CIN
RUSTYPIPES,W/T,Terry McLaurin,WAS
RUSTYPIPES,W/T,Mike Evans,TB
RUSTYPIPES,W/T,Puka Nacua,LAR
RUSTYPIPES,W/T,Mark Andrews,BAL
DTG1972,QB,Justin Herbert,LAC
DTG1972,QB,Jayden Daniels,WAS
DTG1972,RB,J.K. Dobbins,LAC
DTG1972,RB,Jahmyr Gibbs,DET
DTG1972,W/T,Quentin Johnston,LAC
DTG1972,W/T,Terry McLaurin,WAS
DTG1972,W/T,Ladd McConkey,LAC
DTG1972,W/T,Sam LaPorta,DET
DTG1972,W/T,DeVonta Smith,PHI
DTG1972,W/T,Amon-Ra St. Brown,DET
RODONTPLAY,QB,Baker Mayfield,TB
RODONTPLAY,QB,Jayden Daniels,WAS
RODONTPLAY,RB,Derrick Henry,BAL
RODONTPLAY,RB,Saquon Barkley,PHI
RODONTPLAY,W/T,Quentin Johnston,LAC
RODONTPLAY,W/T,Isaiah Likely,BAL
RODONTPLAY,W/T,Dalton Kincaid,BUF
RODONTPLAY,W/T,Mike Evans,TB
RODONTPLAY,W/T,Rashod Bateman,BAL
RODONTPLAY,W/T,Xavier Worthy,KC
STOOGE1,QB,Bo Nix,DEN
STOOGE1,QB,Jayden Daniels,WAS
STOOGE1,RB,James Cook,BUF
STOOGE1,RB,Saquon Barkley,PHI
STOOGE1,W/T,Marvin Mims Jr.,DEN
STOOGE1,W/T,Olamide Zaccheaus,WAS
STOOGE1,W/T,Courtland Sutton,DEN
STOOGE1,W/T,Terry McLaurin,WAS
STOOGE1,W/T,Mike Evans,TB
STOOGE1,W/T,Puka Nacua,LAR
GECGECGEC22,QB,Baker Mayfield,TB
GECGECGEC22,QB,Patrick Mahomes,KC
GECGECGEC22,RB,Kareem Hunt,KC
GECGECGEC22,RB,Bucky Irving,TB
GECGECGEC22,RB,Saquon Barkley,PHI
GECGECGEC22,W/T,Noah Gray,KC
GECGECGEC22,W/T,Nico Collins,HOU
GECGECGEC22,W/T,Hollywood Brown,KC
GECGECGEC22,W/T,Mike Evans,TB
GECGECGEC22,W/T,Xavier Worthy,KC
BACKESPC,QB,Matthew Stafford,LAR
BACKESPC,QB,Jayden Daniels,WAS
BACKESPC,RB,Kareem Hunt,KC
BACKESPC,RB,Saquon Barkley,PHI
BACKESPC,W/T,Cooper Kupp,LAR
BACKESPC,W/T,Dallas Goedert,PHI
BACKESPC,W/T,Mike Evans,TB
BACKESPC,W/T,Puka Nacua,LAR
BACKESPC,W/T,Xavier Worthy,KC
BACKESPC,W/T,A.J. Brown,PHI
AROSEN1987,QB,Jalen Hurts,PHI
AROSEN1987,RB,Josh Jacobs,GB
AROSEN1987,RB,Saquon Barkley,PHI
AROSEN1987,W/T,Grant Calcaterra,PHI
AROSEN1987,W/T,Courtland Sutton,DEN
AROSEN1987,W/T,Terry McLaurin,WAS
AROSEN1987,W/T,Nico Collins,HOU
AROSEN1987,W/T,Ladd McConkey,LAC
AROSEN1987,W/T,Travis Kelce,KC
AROSEN1987,W/T,Xavier Worthy,KC
MUDA52,QB,Justin Herbert,LAC
MUDA52,QB,Jayden Daniels,WAS
MUDA52,RB,James Cook,BUF
MUDA52,RB,Jahmyr Gibbs,DET
MUDA52,W/T,Zach Ertz,WAS
MUDA52,W/T,Keon Coleman,BUF
MUDA52,W/T,Nico Collins,HOU
MUDA52,W/T,Ladd McConkey,LAC
MUDA52,W/T,Puka Nacua,LAR
MUDA52,W/T,Xavier Worthy,KC
ZMASTER9,QB,Josh Allen,BUF
ZMASTER9,RB,Brian Robinson Jr.,WAS
ZMASTER9,RB,Kyren Williams,LAR
ZMASTER9,RB,James Cook,BUF
ZMASTER9,W/T,Zach Ertz,WAS
ZMASTER9,W/T,Cooper Kupp,LAR
ZMASTER9,W/T,Dalton Kincaid,BUF
ZMASTER9,W/T,Terry McLaurin,WAS
ZMASTER9,W/T,Amari Cooper,BUF
ZMASTER9,W/T,Puka Nacua,LAR
KURUC711,QB,Jayden Daniels,WAS
KURUC711,QB,Patrick Mahomes,KC
KURUC711,RB,Rachaad White,TB
KURUC711,RB,Brian Robinson Jr.,WAS
KURUC711,RB,Saquon Barkley,PHI
KURUC711,W/T,Terry McLaurin,WAS
KURUC711,W/T,Mike Evans,TB
KURUC711,W/T,Dallas Goedert,PHI
KURUC711,W/T,Xavier Worthy,KC
KURUC711,W/T,Travis Kelce,KC
DRMAHER33,QB,C.J. Stroud,HOU
DRMAHER33,QB,Sam Darnold,MIN
DRMAHER33,RB,Bijan Robinson,ATL
DRMAHER33,RB,Joe Mixon,HOU
DRMAHER33,RB,Josh Jacobs,GB
DRMAHER33,RB,Jahmyr Gibbs,DET
DRMAHER33,W/T,Terry McLaurin,WAS
DRMAHER33,W/T,Xavier Worthy,KC
DRMAHER33,W/T,Travis Kelce,KC
DRMAHER33,W/T,Nico Collins,HOU
WESTYDOGGY,QB,Jayden Daniels,WAS
WESTYDOGGY,QB,Patrick Mahomes,KC
WESTYDOGGY,RB,Brian Robinson Jr.,WAS
WESTYDOGGY,RB,J.K. Dobbins,LAC
WESTYDOGGY,RB,Saquon Barkley,PHI
WESTYDOGGY,W/T,Terry McLaurin,WAS
WESTYDOGGY,W/T,Hollywood Brown,KC
WESTYDOGGY,W/T,Ladd McConkey,LAC
WESTYDOGGY,W/T,Xavier Worthy,KC
WESTYDOGGY,W/T,DeVonta Smith,PHI
MICHAELMOISON,QB,Jayden Daniels,WAS
MICHAELMOISON,QB,Patrick Mahomes,KC
MICHAELMOISON,RB,Kareem Hunt,KC
MICHAELMOISON,RB,Kyren Williams,LAR
MICHAELMOISON,RB,Saquon Barkley,PHI
MICHAELMOISON,W/T,Courtland Sutton,DEN
MICHAELMOISON,W/T,Dallas Goedert,PHI
MICHAELMOISON,W/T,Terry McLaurin,WAS
MICHAELMOISON,W/T,Xavier Worthy,KC
MICHAELMOISON,W/T,DeVonta Smith,PHI
NITZERMODE,QB,Jayden Daniels,WAS
NITZERMODE,QB,Jared Goff,DET
NITZERMODE,QB,Patrick Mahomes,KC
NITZERMODE,RB,David Montgomery,DET
NITZERMODE,RB,Saquon Barkley,PHI
NITZERMODE,W/T,Jayden Reed,GB
NITZERMODE,W/T,George Pickens,PIT
NITZERMODE,W/T,Terry McLaurin,WAS
NITZERMODE,W/T,Nico Collins,HOU
NITZERMODE,W/T,Jameson Williams,DET
TURTL3Z,QB,Jayden Daniels,WAS
TURTL3Z,QB,Patrick Mahomes,KC
TURTL3Z,RB,Joe Mixon,HOU
TURTL3Z,RB,Saquon Barkley,PHI
TURTL3Z,W/T,Jalen McMillan,TB
TURTL3Z,W/T,Nico Collins,HOU
TURTL3Z,W/T,Dallas Goedert,PHI
TURTL3Z,W/T,Xavier Worthy,KC
TURTL3Z,W/T,Travis Kelce,KC
TURTL3Z,W/T,A.J. Brown,PHI
NAILSOU,QB,Justin Herbert,LAC
NAILSOU,QB,Jayden Daniels,WAS
NAILSOU,RB,Isiah Pacheco,KC
NAILSOU,RB,Saquon Barkley,PHI
NAILSOU,W/T,George Pickens,PIT
NAILSOU,W/T,DeAndre Hopkins,KC
NAILSOU,W/T,Ladd McConkey,LAC
NAILSOU,W/T,Khalil Shakir,BUF
NAILSOU,W/T,Xavier Worthy,KC
NAILSOU,W/T,Amon-Ra St. Brown,DET
DUNGEONHUNTER,QB,Jayden Daniels,WAS
DUNGEONHUNTER,QB,Sam Darnold,MIN
DUNGEONHUNTER,RB,Josh Jacobs,GB
DUNGEONHUNTER,RB,Derrick Henry,BAL
DUNGEONHUNTER,RB,Saquon Barkley,PHI
DUNGEONHUNTER,W/T,Jayden Reed,GB
DUNGEONHUNTER,W/T,Terry McLaurin,WAS
DUNGEONHUNTER,W/T,Rashod Bateman,BAL
DUNGEONHUNTER,W/T,Khalil Shakir,BUF
DUNGEONHUNTER,W/T,Zay Flowers,BAL
CMAK11,QB,Josh Allen,BUF
CMAK11,RB,Joe Mixon,HOU
CMAK11,RB,David Montgomery,DET
CMAK11,RB,James Cook,BUF
CMAK11,W/T,Dalton Schultz,HOU
CMAK11,W/T,Zach Ertz,WAS
CMAK11,W/T,Terry McLaurin,WAS
CMAK11,W/T,Sam LaPorta,DET
CMAK11,W/T,Khalil Shakir,BUF
CMAK11,W/T,Jameson Williams,DET
MATTYGAINZTV,QB,Jayden Daniels,WAS
MATTYGAINZTV,QB,Jalen Hurts,PHI
MATTYGAINZTV,RB,Brian Robinson Jr.,WAS
MATTYGAINZTV,RB,Kareem Hunt,KC
MATTYGAINZTV,RB,James Cook,BUF
MATTYGAINZTV,W/T,Terry McLaurin,WAS
MATTYGAINZTV,W/T,Dalton Kincaid,BUF
MATTYGAINZTV,W/T,Dallas Goedert,PHI
MATTYGAINZTV,W/T,Xavier Worthy,KC
MATTYGAINZTV,W/T,Khalil Shakir,BUF
BKSTYLE34,QB,Jayden Daniels,WAS
BKSTYLE34,QB,Jalen Hurts,PHI
BKSTYLE34,RB,Joe Mixon,HOU
BKSTYLE34,RB,Bucky Irving,TB
BKSTYLE34,RB,James Cook,BUF
BKSTYLE34,W/T,Zach Ertz,WAS
BKSTYLE34,W/T,Nico Collins,HOU
BKSTYLE34,W/T,Puka Nacua,LAR
BKSTYLE34,W/T,Khalil Shakir,BUF
BKSTYLE34,W/T,Travis Kelce,KC
NATEDOG789,QB,Jayden Daniels,WAS
NATEDOG789,QB,Jared Goff,DET
NATEDOG789,RB,Joe Mixon,HOU
NATEDOG789,RB,Isiah Pacheco,KC
NATEDOG789,RB,Saquon Barkley,PHI
NATEDOG789,W/T,George Pickens,PIT
NATEDOG789,W/T,Dalton Kincaid,BUF
NATEDOG789,W/T,Terry McLaurin,WAS
NATEDOG789,W/T,Mark Andrews,BAL
NATEDOG789,W/T,Justin Jefferson,MIN
SAVAER,QB,Jordan Love,GB
SAVAER,QB,Jayden Daniels,WAS
SAVAER,QB,Jared Goff,DET
SAVAER,RB,Joe Mixon,HOU
SAVAER,RB,David Montgomery,DET
SAVAER,RB,Derrick Henry,BAL
SAVAER,RB,Saquon Barkley,PHI
SAVAER,W/T,Jayden Reed,GB
SAVAER,W/T,Dallas Goedert,PHI
SAVAER,W/T,Xavier Worthy,KC
MNZT4,QB,Jordan Love,GB
MNZT4,QB,Jayden Daniels,WAS
MNZT4,RB,Justice Hill,BAL
MNZT4,RB,Josh Jacobs,GB
MNZT4,RB,Saquon Barkley,PHI
MNZT4,W/T,Tim Patrick,DET
MNZT4,W/T,Terry McLaurin,WAS
MNZT4,W/T,Rashod Bateman,BAL
MNZT4,W/T,Zay Flowers,BAL
MNZT4,W/T,Amon-Ra St. Brown,DET
WILLYMARK02,QB,Jayden Daniels,WAS
WILLYMARK02,QB,Jared Goff,DET
WILLYMARK02,RB,Brian Robinson Jr.,WAS
WILLYMARK02,RB,Jahmyr Gibbs,DET
WILLYMARK02,W/T,Tim Patrick,DET
WILLYMARK02,W/T,Terry McLaurin,WAS
WILLYMARK02,W/T,Dalton Kincaid,BUF
WILLYMARK02,W/T,Ladd McConkey,LAC
WILLYMARK02,W/T,Khalil Shakir,BUF
WILLYMARK02,W/T,Sam LaPorta,DET
JRTWADDELL,QB,Jayden Daniels,WAS
JRTWADDELL,QB,Sam Darnold,MIN
JRTWADDELL,RB,Joe Mixon,HOU
JRTWADDELL,RB,Derrick Henry,BAL
JRTWADDELL,RB,Saquon Barkley,PHI
JRTWADDELL,W/T,Dalton Kincaid,BUF
JRTWADDELL,W/T,Keon Coleman,BUF
JRTWADDELL,W/T,Hollywood Brown,KC
JRTWADDELL,W/T,Jordan Addison,MIN
JRTWADDELL,W/T,Jameson Williams,DET
CTEEZY1,QB,Jayden Daniels,WAS
CTEEZY1,QB,Patrick Mahomes,KC
CTEEZY1,RB,Najee Harris,PIT
CTEEZY1,RB,Saquon Barkley,PHI
CTEEZY1,W/T,George Pickens,PIT
CTEEZY1,W/T,Terry McLaurin,WAS
CTEEZY1,W/T,Dallas Goedert,PHI
CTEEZY1,W/T,Mike Evans,TB
CTEEZY1,W/T,Xavier Worthy,KC
CTEEZY1,W/T,Travis Kelce,KC
JUICEFEST,QB,Jalen Hurts,PHI
JUICEFEST,RB,Kenneth Gainwell,PHI
JUICEFEST,RB,Joe Mixon,HOU
JUICEFEST,RB,Derrick Henry,BAL
JUICEFEST,W/T,Isaiah Likely,BAL
JUICEFEST,W/T,Dallas Goedert,PHI
JUICEFEST,W/T,Zay Flowers,BAL
JUICEFEST,W/T,Mike Evans,TB
JUICEFEST,W/T,Puka Nacua,LAR
JUICEFEST,W/T,Mark Andrews,BAL
JAYG1LL,QB,Jayden Daniels,WAS
JAYG1LL,RB,Kareem Hunt,KC
JAYG1LL,RB,Brian Robinson Jr.,WAS
JAYG1LL,RB,Derrick Henry,BAL
JAYG1LL,RB,Saquon Barkley,PHI
JAYG1LL,W/T,DeAndre Hopkins,KC
JAYG1LL,W/T,Zach Ertz,WAS
JAYG1LL,W/T,Terry McLaurin,WAS
JAYG1LL,W/T,Jordan Addison,MIN
JAYG1LL,W/T,Xavier Worthy,KC
ZMAFREAKY,QB,Jayden Daniels,WAS
ZMAFREAKY,QB,Patrick Mahomes,KC
ZMAFREAKY,RB,Samaje Perine,KC
ZMAFREAKY,RB,Brian Robinson Jr.,WAS
ZMAFREAKY,RB,Saquon Barkley,PHI
ZMAFREAKY,W/T,Dallas Goedert,PHI
ZMAFREAKY,W/T,Nico Collins,HOU
ZMAFREAKY,W/T,Terry McLaurin,WAS
ZMAFREAKY,W/T,Xavier Worthy,KC
ZMAFREAKY,W/T,Travis Kelce,KC
RAMSFAN,QB,Jayden Daniels,WAS
RAMSFAN,QB,Patrick Mahomes,KC
RAMSFAN,RB,Isiah Pacheco,KC
RAMSFAN,RB,Kyren Williams,LAR
RAMSFAN,RB,Derrick Henry,BAL
RAMSFAN,W/T,Cooper Kupp,LAR
RAMSFAN,W/T,T.J. Hockenson,MIN
RAMSFAN,W/T,Hollywood Brown,KC
RAMSFAN,W/T,Puka Nacua,LAR
RAMSFAN,W/T,Xavier Worthy,KC
DONTH8DADDY,QB,Jalen Hurts,PHI
DONTH8DADDY,RB,Kareem Hunt,KC
DONTH8DADDY,RB,Kyren Williams,LAR
DONTH8DADDY,RB,James Cook,BUF
DONTH8DADDY,W/T,Jayden Reed,GB
DONTH8DADDY,W/T,George Pickens,PIT
DONTH8DADDY,W/T,DeAndre Hopkins,KC
DONTH8DADDY,W/T,Nico Collins,HOU
DONTH8DADDY,W/T,Amari Cooper,BUF
DONTH8DADDY,W/T,Travis Kelce,KC
DUGGERS,QB,Bo Nix,DEN
DUGGERS,QB,Jayden Daniels,WAS
DUGGERS,RB,Brian Robinson Jr.,WAS
DUGGERS,RB,J.K. Dobbins,LAC
DUGGERS,RB,Saquon Barkley,PHI
DUGGERS,W/T,Dallas Goedert,PHI
DUGGERS,W/T,Terry McLaurin,WAS
DUGGERS,W/T,Ladd McConkey,LAC
DUGGERS,W/T,Puka Nacua,LAR
DUGGERS,W/T,A.J. Brown,PHI
VLADSHORTS,QB,Jayden Daniels,WAS
VLADSHORTS,QB,Jared Goff,DET
VLADSHORTS,RB,J.K. Dobbins,LAC
VLADSHORTS,RB,David Montgomery,DET
VLADSHORTS,RB,Saquon Barkley,PHI
VLADSHORTS,W/T,George Pickens,PIT
VLADSHORTS,W/T,Terry McLaurin,WAS
VLADSHORTS,W/T,Ladd McConkey,LAC
VLADSHORTS,W/T,Xavier Worthy,KC
VLADSHORTS,W/T,Jameson Williams,DET
PEBOH,QB,Jayden Daniels,WAS
PEBOH,QB,Patrick Mahomes,KC
PEBOH,RB,Austin Ekeler,WAS
PEBOH,RB,Saquon Barkley,PHI
PEBOH,W/T,Zach Ertz,WAS
PEBOH,W/T,Terry McLaurin,WAS
PEBOH,W/T,Dallas Goedert,PHI
PEBOH,W/T,Hollywood Brown,KC
PEBOH,W/T,Xavier Worthy,KC
PEBOH,W/T,Travis Kelce,KC
TORI723,QB,C.J. Stroud,HOU
TORI723,QB,Jalen Hurts,PHI
TORI723,RB,Joe Mixon,HOU
TORI723,W/T,Tim Patrick,DET
TORI723,W/T,Isaiah Likely,BAL
TORI723,W/T,Terry McLaurin,WAS
TORI723,W/T,Nico Collins,HOU
TORI723,W/T,Dallas Goedert,PHI
TORI723,W/T,Zay Flowers,BAL
TORI723,W/T,DeVonta Smith,PHI
DRAY,QB,Jayden Daniels,WAS
DRAY,QB,Patrick Mahomes,KC
DRAY,RB,Saquon Barkley,PHI
DRAY,W/T,Zach Ertz,WAS
DRAY,W/T,Jayden Reed,GB
DRAY,W/T,DeAndre Hopkins,KC
DRAY,W/T,Ladd McConkey,LAC
DRAY,W/T,Hollywood Brown,KC
DRAY,W/T,Puka Nacua,LAR
DRAY,W/T,Xavier Worthy,KC
ZACHHANDS,QB,Jayden Daniels,WAS
ZACHHANDS,RB,Brian Robinson Jr.,WAS
ZACHHANDS,RB,Saquon Barkley,PHI
ZACHHANDS,W/T,Zach Ertz,WAS
ZACHHANDS,W/T,Terry McLaurin,WAS
ZACHHANDS,W/T,Hollywood Brown,KC
ZACHHANDS,W/T,Xavier Worthy,KC
ZACHHANDS,W/T,Ladd McConkey,LAC
ZACHHANDS,W/T,DeVonta Smith,PHI
ZACHHANDS,W/T,A.J. Brown,PHI
GUNHILL,QB,Baker Mayfield,TB
GUNHILL,QB,Sam Darnold,MIN
GUNHILL,QB,Jayden Daniels,WAS
GUNHILL,RB,Najee Harris,PIT
GUNHILL,RB,Saquon Barkley,PHI
GUNHILL,W/T,George Pickens,PIT
GUNHILL,W/T,Hollywood Brown,KC
GUNHILL,W/T,Xavier Worthy,KC
GUNHILL,W/T,Nico Collins,HOU
GUNHILL,W/T,Amon-Ra St. Brown,DET
RIVETKING,QB,Matthew Stafford,LAR
RIVETKING,QB,Baker Mayfield,TB
RIVETKING,RB,Derrick Henry,BAL
RIVETKING,RB,Saquon Barkley,PHI
RIVETKING,W/T,Tim Patrick,DET
RIVETKING,W/T,T.J. Hockenson,MIN
RIVETKING,W/T,Terry McLaurin,WAS
RIVETKING,W/T,Mike Evans,TB
RIVETKING,W/T,Jordan Addison,MIN
RIVETKING,W/T,Xavier Worthy,KC
MARKSHOE,QB,Jordan Love,GB
MARKSHOE,QB,Jayden Daniels,WAS
MARKSHOE,RB,Josh Jacobs,GB
MARKSHOE,RB,Isiah Pacheco,KC
MARKSHOE,RB,Saquon Barkley,PHI
MARKSHOE,W/T,Jayden Reed,GB
MARKSHOE,W/T,Terry McLaurin,WAS
MARKSHOE,W/T,Hollywood Brown,KC
MARKSHOE,W/T,Travis Kelce,KC
MARKSHOE,W/T,A.J. Brown,PHI
HUSKYPAPA777,QB,Jayden Daniels,WAS
HUSKYPAPA777,QB,Sam Darnold,MIN
HUSKYPAPA777,RB,Derrick Henry,BAL
HUSKYPAPA777,RB,Saquon Barkley,PHI
HUSKYPAPA777,W/T,Zach Ertz,WAS
HUSKYPAPA777,W/T,Jayden Reed,GB
HUSKYPAPA777,W/T,Dallas Goedert,PHI
HUSKYPAPA777,W/T,Mike Evans,TB
HUSKYPAPA777,W/T,Mark Andrews,BAL
HUSKYPAPA777,W/T,DeVonta Smith,PHI
LJKPAW,QB,Justin Herbert,LAC
LJKPAW,QB,Jayden Daniels,WAS
LJKPAW,QB,Baker Mayfield,TB
LJKPAW,RB,James Cook,BUF
LJKPAW,RB,Saquon Barkley,PHI
LJKPAW,W/T,Zach Ertz,WAS
LJKPAW,W/T,Jalen McMillan,TB
LJKPAW,W/T,Courtland Sutton,DEN
LJKPAW,W/T,Mike Evans,TB
LJKPAW,W/T,Mark Andrews,BAL
ARKADEROP,QB,Jayden Daniels,WAS
ARKADEROP,QB,Patrick Mahomes,KC
ARKADEROP,RB,Brian Robinson Jr.,WAS
ARKADEROP,RB,Joe Mixon,HOU
ARKADEROP,RB,Isiah Pacheco,KC
ARKADEROP,RB,Saquon Barkley,PHI
ARKADEROP,W/T,DeAndre Hopkins,KC
ARKADEROP,W/T,Terry McLaurin,WAS
ARKADEROP,W/T,Dallas Goedert,PHI
ARKADEROP,W/T,Xavier Worthy,KC
MUGI,QB,Matthew Stafford,LAR
MUGI,QB,Jayden Daniels,WAS
MUGI,RB,Derrick Henry,BAL
MUGI,RB,Saquon Barkley,PHI
MUGI,W/T,Amari Cooper,BUF
MUGI,W/T,Cooper Kupp,LAR
MUGI,W/T,Dalton Kincaid,BUF
MUGI,W/T,Terry McLaurin,WAS
MUGI,W/T,Puka Nacua,LAR
MUGI,W/T,Mark Andrews,BAL
FRANCESP2,QB,Jayden Daniels,WAS
FRANCESP2,QB,Jared Goff,DET
FRANCESP2,QB,Anthony Richardson,IND
FRANCESP2,RB,Isiah Pacheco,KC
FRANCESP2,RB,Saquon Barkley,PHI
FRANCESP2,W/T,Cooper Kupp,LAR
FRANCESP2,W/T,Dalton Kincaid,BUF
FRANCESP2,W/T,Nico Collins,HOU
FRANCESP2,W/T,Rashod Bateman,BAL
FRANCESP2,W/T,Amon-Ra St. Brown,DET
FATTYCAKES,QB,Jayden Daniels,WAS
FATTYCAKES,RB,Bucky Irving,TB
FATTYCAKES,RB,Derrick Henry,BAL
FATTYCAKES,RB,Saquon Barkley,PHI
FATTYCAKES,W/T,George Pickens,PIT
FATTYCAKES,W/T,DeAndre Hopkins,KC
FATTYCAKES,W/T,T.J. Hockenson,MIN
FATTYCAKES,W/T,Terry McLaurin,WAS
FATTYCAKES,W/T,Mark Andrews,BAL
FATTYCAKES,W/T,Jameson Williams,DET
BIGFOOTBALLGUY49,QB,Jayden Daniels,WAS
BIGFOOTBALLGUY49,QB,Patrick Mahomes,KC
BIGFOOTBALLGUY49,RB,Ty Johnson,BUF
BIGFOOTBALLGUY49,RB,Saquon Barkley,PHI
BIGFOOTBALLGUY49,W/T,Nico Collins,HOU
BIGFOOTBALLGUY49,W/T,DeAndre Hopkins,KC
BIGFOOTBALLGUY49,W/T,Terry McLaurin,WAS
BIGFOOTBALLGUY49,W/T,Hollywood Brown,KC
BIGFOOTBALLGUY49,W/T,Xavier Worthy,KC
BIGFOOTBALLGUY49,W/T,Travis Kelce,KC
BUCRITFOUL,QB,Baker Mayfield,TB
BUCRITFOUL,QB,Patrick Mahomes,KC
BUCRITFOUL,RB,Josh Jacobs,GB
BUCRITFOUL,RB,Saquon Barkley,PHI
BUCRITFOUL,W/T,Romeo Doubs,GB
BUCRITFOUL,W/T,Jalen McMillan,TB
BUCRITFOUL,W/T,Hollywood Brown,KC
BUCRITFOUL,W/T,Dallas Goedert,PHI
BUCRITFOUL,W/T,Ladd McConkey,LAC
BUCRITFOUL,W/T,Xavier Worthy,KC
SOOPERCOOPER,QB,Baker Mayfield,TB
SOOPERCOOPER,QB,Jayden Daniels,WAS
SOOPERCOOPER,RB,Bucky Irving,TB
SOOPERCOOPER,RB,James Cook,BUF
SOOPERCOOPER,RB,Saquon Barkley,PHI
SOOPERCOOPER,W/T,Olamide Zaccheaus,WAS
SOOPERCOOPER,W/T,Jalen McMillan,TB
SOOPERCOOPER,W/T,Nico Collins,HOU
SOOPERCOOPER,W/T,Xavier Worthy,KC
SOOPERCOOPER,W/T,Jameson Williams,DET
EASTOFETHAN,QB,Baker Mayfield,TB
EASTOFETHAN,QB,Patrick Mahomes,KC
EASTOFETHAN,RB,Rachaad White,TB
EASTOFETHAN,RB,Saquon Barkley,PHI
EASTOFETHAN,W/T,Jalen McMillan,TB
EASTOFETHAN,W/T,Hollywood Brown,KC
EASTOFETHAN,W/T,Mike Evans,TB
EASTOFETHAN,W/T,Ladd McConkey,LAC
EASTOFETHAN,W/T,Xavier Worthy,KC
EASTOFETHAN,W/T,Travis Kelce,KC
CODYFRANCIS,QB,C.J. Stroud,HOU
CODYFRANCIS,QB,Patrick Mahomes,KC
CODYFRANCIS,RB,Joe Mixon,HOU
CODYFRANCIS,RB,David Montgomery,DET
CODYFRANCIS,RB,Saquon Barkley,PHI
CODYFRANCIS,W/T,Romeo Doubs,GB
CODYFRANCIS,W/T,DeAndre Hopkins,KC
CODYFRANCIS,W/T,Terry McLaurin,WAS
CODYFRANCIS,W/T,Amari Cooper,BUF
CODYFRANCIS,W/T,Nico Collins,HOU
DRUMMLUCKUNDERDOG,QB,Matthew Stafford,LAR
DRUMMLUCKUNDERDOG,QB,Jayden Daniels,WAS
DRUMMLUCKUNDERDOG,RB,Derrick Henry,BAL
DRUMMLUCKUNDERDOG,RB,Saquon Barkley,PHI
DRUMMLUCKUNDERDOG,W/T,Zach Ertz,WAS
DRUMMLUCKUNDERDOG,W/T,Cooper Kupp,LAR
DRUMMLUCKUNDERDOG,W/T,Terry McLaurin,WAS
DRUMMLUCKUNDERDOG,W/T,Rashod Bateman,BAL
DRUMMLUCKUNDERDOG,W/T,Puka Nacua,LAR
DRUMMLUCKUNDERDOG,W/T,Mark Andrews,BAL
SOLSOBIECH,QB,Jordan Love,GB
SOLSOBIECH,QB,Jayden Daniels,WAS
SOLSOBIECH,RB,James Cook,BUF
SOLSOBIECH,RB,Saquon Barkley,PHI
SOLSOBIECH,W/T,Isaiah Likely,BAL
SOLSOBIECH,W/T,Zay Flowers,BAL
SOLSOBIECH,W/T,T.J. Hockenson,MIN
SOLSOBIECH,W/T,Terry McLaurin,WAS
SOLSOBIECH,W/T,Jordan Addison,MIN
SOLSOBIECH,W/T,Khalil Shakir,BUF
CRITDOG,QB,Jordan Love,GB
CRITDOG,QB,Jayden Daniels,WAS
CRITDOG,QB,Sam Darnold,MIN
CRITDOG,RB,Derrick Henry,BAL
CRITDOG,RB,Saquon Barkley,PHI
CRITDOG,W/T,George Pickens,PIT
CRITDOG,W/T,Terry McLaurin,WAS
CRITDOG,W/T,Mike Evans,TB
CRITDOG,W/T,Xavier Worthy,KC
CRITDOG,W/T,Travis Kelce,KC
INLIKEFLINN,QB,Justin Herbert,LAC
INLIKEFLINN,QB,Jayden Daniels,WAS
INLIKEFLINN,RB,Brian Robinson Jr.,WAS
INLIKEFLINN,RB,Saquon Barkley,PHI
INLIKEFLINN,W/T,Noah Gray,KC
INLIKEFLINN,W/T,Dallas Goedert,PHI
INLIKEFLINN,W/T,Terry McLaurin,WAS
INLIKEFLINN,W/T,Ladd McConkey,LAC
INLIKEFLINN,W/T,Xavier Worthy,KC
INLIKEFLINN,W/T,A.J. Brown,PHI
HU14,QB,Jayden Daniels,WAS
HU14,QB,Patrick Mahomes,KC
HU14,RB,Kareem Hunt,KC
HU14,RB,Derrick Henry,BAL
HU14,W/T,Zach Ertz,WAS
HU14,W/T,Jalen McMillan,TB
HU14,W/T,Nico Collins,HOU
HU14,W/T,Terry McLaurin,WAS
HU14,W/T,Xavier Worthy,KC
HU14,W/T,Puka Nacua,LAR
NITZERMODE,QB,Justin Herbert,LAC
NITZERMODE,QB,Jayden Daniels,WAS
NITZERMODE,RB,David Montgomery,DET
NITZERMODE,RB,James Cook,BUF
NITZERMODE,RB,Saquon Barkley,PHI
NITZERMODE,W/T,Courtland Sutton,DEN
NITZERMODE,W/T,Terry McLaurin,WAS
NITZERMODE,W/T,Ladd McConkey,LAC
NITZERMODE,W/T,Mike Evans,TB
NITZERMODE,W/T,Jameson Williams,DET
PNELLY34,QB,Baker Mayfield,TB
PNELLY34,QB,Jayden Daniels,WAS
PNELLY34,QB,Patrick Mahomes,KC
PNELLY34,RB,Brian Robinson Jr.,WAS
PNELLY34,RB,Saquon Barkley,PHI
PNELLY34,W/T,Zach Ertz,WAS
PNELLY34,W/T,Nico Collins,HOU
PNELLY34,W/T,Terry McLaurin,WAS
PNELLY34,W/T,Xavier Worthy,KC
PNELLY34,W/T,Travis Kelce,KC
KALANDJR6,QB,Jayden Daniels,WAS
KALANDJR6,QB,Sam Darnold,MIN
KALANDJR6,QB,Patrick Mahomes,KC
KALANDJR6,RB,Kyren Williams,LAR
KALANDJR6,RB,Saquon Barkley,PHI
KALANDJR6,W/T,George Pickens,PIT
KALANDJR6,W/T,Terry McLaurin,WAS
KALANDJR6,W/T,Puka Nacua,LAR
KALANDJR6,W/T,Zay Flowers,BAL
KALANDJR6,W/T,Jameson Williams,DET
JUKESKI,QB,C.J. Stroud,HOU
JUKESKI,QB,Jayden Daniels,WAS
JUKESKI,RB,Joe Mixon,HOU
JUKESKI,RB,Isiah Pacheco,KC
JUKESKI,RB,Saquon Barkley,PHI
JUKESKI,W/T,Jalen Nailor,MIN
JUKESKI,W/T,Keon Coleman,BUF
JUKESKI,W/T,Terry McLaurin,WAS
JUKESKI,W/T,Nico Collins,HOU
JUKESKI,W/T,A.J. Brown,PHI
HOLIFIELDBRIAN,QB,Jayden Daniels,WAS
HOLIFIELDBRIAN,QB,Patrick Mahomes,KC
HOLIFIELDBRIAN,RB,Kareem Hunt,KC
HOLIFIELDBRIAN,RB,Joe Mixon,HOU
HOLIFIELDBRIAN,RB,Isiah Pacheco,KC
HOLIFIELDBRIAN,W/T,George Pickens,PIT
HOLIFIELDBRIAN,W/T,Terry McLaurin,WAS
HOLIFIELDBRIAN,W/T,Dallas Goedert,PHI
HOLIFIELDBRIAN,W/T,Travis Kelce,KC
HOLIFIELDBRIAN,W/T,A.J. Brown,PHI
SHORETHING,QB,Jordan Love,GB
SHORETHING,QB,Baker Mayfield,TB
SHORETHING,QB,Patrick Mahomes,KC
SHORETHING,RB,Brian Robinson Jr.,WAS
SHORETHING,RB,Justice Hill,BAL
SHORETHING,RB,Saquon Barkley,PHI
SHORETHING,W/T,Jalen McMillan,TB
SHORETHING,W/T,Ladd McConkey,LAC
SHORETHING,W/T,Puka Nacua,LAR
SHORETHING,W/T,Mark Andrews,BAL
HUNDPUD10,QB,Justin Herbert,LAC
HUNDPUD10,QB,Jayden Daniels,WAS
HUNDPUD10,QB,Jared Goff,DET
HUNDPUD10,RB,Joe Mixon,HOU
HUNDPUD10,RB,Bijan Robinson,ATL
HUNDPUD10,RB,Saquon Barkley,PHI
HUNDPUD10,W/T,Hollywood Brown,KC
HUNDPUD10,W/T,Nico Collins,HOU
HUNDPUD10,W/T,Terry McLaurin,WAS
HUNDPUD10,W/T,A.J. Brown,PHI
SMEAGOLCHEEKS,QB,Jayden Daniels,WAS
SMEAGOLCHEEKS,QB,Patrick Mahomes,KC
SMEAGOLCHEEKS,RB,Kareem Hunt,KC
SMEAGOLCHEEKS,RB,Brian Robinson Jr.,WAS
SMEAGOLCHEEKS,RB,Jahmyr Gibbs,DET
SMEAGOLCHEEKS,W/T,Zach Ertz,WAS
SMEAGOLCHEEKS,W/T,Terry McLaurin,WAS
SMEAGOLCHEEKS,W/T,Ladd McConkey,LAC
SMEAGOLCHEEKS,W/T,Xavier Worthy,KC
SMEAGOLCHEEKS,W/T,Jameson Williams,DET
SLIMCHARLE5,QB,Baker Mayfield,TB
SLIMCHARLE5,QB,Jayden Daniels,WAS
SLIMCHARLE5,QB,Lamar Jackson,BAL
SLIMCHARLE5,RB,Brian Robinson Jr.,WAS
SLIMCHARLE5,RB,James Cook,BUF
SLIMCHARLE5,W/T,Zach Ertz,WAS
SLIMCHARLE5,W/T,Terry McLaurin,WAS
SLIMCHARLE5,W/T,Mike Evans,TB
SLIMCHARLE5,W/T,Puka Nacua,LAR
SLIMCHARLE5,W/T,Mark Andrews,BAL
DAMESTAR7,QB,Jayden Daniels,WAS
DAMESTAR7,RB,Brian Robinson Jr.,WAS
DAMESTAR7,RB,Kyren Williams,LAR
DAMESTAR7,RB,Saquon Barkley,PHI
DAMESTAR7,W/T,George Pickens,PIT
DAMESTAR7,W/T,Courtland Sutton,DEN
DAMESTAR7,W/T,Nico Collins,HOU
DAMESTAR7,W/T,Travis Kelce,KC
DAMESTAR7,W/T,Xavier Worthy,KC
DAMESTAR7,W/T,Amon-Ra St. Brown,DET
ATLBRAVES1993,QB,Justin Herbert,LAC
ATLBRAVES1993,QB,Jayden Daniels,WAS
ATLBRAVES1993,RB,J.K. Dobbins,LAC
ATLBRAVES1993,RB,Josh Jacobs,GB
ATLBRAVES1993,RB,Jahmyr Gibbs,DET
ATLBRAVES1993,W/T,Jayden Reed,GB
ATLBRAVES1993,W/T,Zach Ertz,WAS
ATLBRAVES1993,W/T,Terry McLaurin,WAS
ATLBRAVES1993,W/T,Ladd McConkey,LAC
ATLBRAVES1993,W/T,Amon-Ra St. Brown,DET
MIKEB572,QB,Baker Mayfield,TB
MIKEB572,QB,Jayden Daniels,WAS
MIKEB572,QB,Sam Darnold,MIN
MIKEB572,RB,Justice Hill,BAL
MIKEB572,RB,Josh Jacobs,GB
MIKEB572,RB,Saquon Barkley,PHI
MIKEB572,W/T,Cooper Kupp,LAR
MIKEB572,W/T,Terry McLaurin,WAS
MIKEB572,W/T,Dallas Goedert,PHI
MIKEB572,W/T,A.J. Brown,PHI
KEVTAY337,QB,Kenny Pickett,PHI
KEVTAY337,QB,C.J. Stroud,HOU
KEVTAY337,QB,Jayden Daniels,WAS
KEVTAY337,RB,James Cook,BUF
KEVTAY337,RB,Saquon Barkley,PHI
KEVTAY337,W/T,Isaiah Likely,BAL
KEVTAY337,W/T,Nico Collins,HOU
KEVTAY337,W/T,Dallas Goedert,PHI
KEVTAY337,W/T,Hollywood Brown,KC
KEVTAY337,W/T,DeVonta Smith,PHI
MARKEES119,QB,Jayden Daniels,WAS
MARKEES119,RB,Najee Harris,PIT
MARKEES119,RB,Jaylen Warren,PIT
MARKEES119,RB,Brian Robinson Jr.,WAS
MARKEES119,RB,Bucky Irving,TB
MARKEES119,RB,Saquon Barkley,PHI
MARKEES119,W/T,George Pickens,PIT
MARKEES119,W/T,Nico Collins,HOU
MARKEES119,W/T,Puka Nacua,LAR
MARKEES119,W/T,Justin Jefferson,MIN
MURFFDX69,QB,Baker Mayfield,TB
MURFFDX69,QB,Jayden Daniels,WAS
MURFFDX69,RB,James Cook,BUF
MURFFDX69,RB,Saquon Barkley,PHI
MURFFDX69,W/T,Courtland Sutton,DEN
MURFFDX69,W/T,DeAndre Hopkins,KC
MURFFDX69,W/T,Terry McLaurin,WAS
MURFFDX69,W/T,Ladd McConkey,LAC
MURFFDX69,W/T,DeVonta Smith,PHI
MURFFDX69,W/T,Jameson Williams,DET
IMGONNALOSE93,QB,C.J. Stroud,HOU
IMGONNALOSE93,QB,Jayden Daniels,WAS
IMGONNALOSE93,RB,Austin Ekeler,WAS
IMGONNALOSE93,RB,Joe Mixon,HOU
IMGONNALOSE93,RB,James Cook,BUF
IMGONNALOSE93,RB,Saquon Barkley,PHI
IMGONNALOSE93,W/T,George Pickens,PIT
IMGONNALOSE93,W/T,Terry McLaurin,WAS
IMGONNALOSE93,W/T,Nico Collins,HOU
IMGONNALOSE93,W/T,Mike Evans,TB
SONOFROBIN,QB,Matthew Stafford,LAR
SONOFROBIN,QB,Baker Mayfield,TB
SONOFROBIN,QB,Jayden Daniels,WAS
SONOFROBIN,RB,Derrick Henry,BAL
SONOFROBIN,RB,Saquon Barkley,PHI
SONOFROBIN,W/T,Courtland Sutton,DEN
SONOFROBIN,W/T,Sam LaPorta,DET
SONOFROBIN,W/T,Terry McLaurin,WAS
SONOFROBIN,W/T,Puka Nacua,LAR
SONOFROBIN,W/T,Jordan Addison,MIN
